dataname,method,tissue,species,spliz_vals,readzs_vals,ge_vals,image,metadata,pixcorr_ge,pixcorr_readzs,pixcorr_spliz,readzs_ge,resid_spliz,resid_readzs,bam,tiss_pos_list,ge_mat,readzs_counts,readzs_stem,radius,ising_SpliZ,ising_SpliZVD1,ising_SpliZVD2,ising_SpliZVD3,ising_ReadZS,ising_ReadZS_ge,ising_ge,ising_SpliZ_norm,ising_ge_norm,ising_SpliZ_resid,ising_ReadZS_norm,ising_ReadZS_ge_norm,ising_ReadZS_resid
V1_Mouse_Brain_Sagittal_Posterior,visium,Brain,Mouse,/oak/stanford/groups/horence/JuliaO/nf-spliz-output/run_dir/visium_2_June_2022/V1_Mouse_Brain_Sagittal_Posterior/SpliZ_values/V1_Mouse_Brain_Sagittal_Posterior_sym_SVD_normdonor_S_0.1_z_0.0_b_0_r_0.01_light_subcol.tsv,/oak/stanford/groups/horence/JuliaO/nf-readzs/visium/V1_Mouse_Brain_Sagittal_Posterior/zscore/V1_Mouse_Brain_Sagittal_Posterior.zscore,/oak/stanford/groups/horence/JuliaO/visium_analysis/scripts/output/parse_gene_expression/V1_Mouse_Brain_Sagittal_Posterior_sub_1000.tsv,/oak/stanford/groups/horence/JuliaO/data/visium/V1_Mouse_Brain_Sagittal_Posterior/V1_Mouse_Brain_Sagittal_Posterior_image.tif,/oak/stanford/groups/horence/JuliaO/visium_analysis/notebooks/output/visium_meta/meta_V1_Mouse_Brain_Sagittal_Posterior.tsv,/scratch/groups/horence/JuliaO/single_cell/spatial_kmers/scripts/output/pixel_correlation/V1_Mouse_Brain_Sagittal_Posterior_frac_count_100.tsv,/scratch/groups/horence/JuliaO/single_cell/spatial_kmers/scripts/output/pixel_correlation/V1_Mouse_Brain_Sagittal_Posterior_z_scaled_100.tsv,/scratch/groups/horence/JuliaO/single_cell/spatial_kmers/scripts/output/pixel_correlation/V1_Mouse_Brain_Sagittal_Posterior_scZ_100.tsv,/oak/stanford/groups/horence/JuliaO/visium_analysis/scripts/output/readzs_ge/V1_Mouse_Brain_Sagittal_Posterior_readzs_ge_1000.tsv,/oak/stanford/groups/horence/JuliaO/visium_analysis/scripts/output/save_residuals/V1_Mouse_Brain_Sagittal_Posterior_SpliZ_ge_100_b0.tsv,/oak/stanford/groups/horence/JuliaO/visium_analysis/scripts/output/save_residuals/V1_Mouse_Brain_Sagittal_Posterior_ReadZS_ReadZS_ge_1000.tsv,/oak/stanford/groups/horence/JuliaO/data/visium/V1_Mouse_Brain_Sagittal_Posterior/V1_Mouse_Brain_Sagittal_Posterior_possorted_genome_bam.bam,/oak/stanford/groups/horence/JuliaO/data/visium/V1_Mouse_Brain_Sagittal_Posterior/spatial/tissue_positions_list.csv,/oak/stanford/groups/horence/JuliaO/data/visium/V1_Mouse_Brain_Sagittal_Posterior/filtered_feature_bc_matrix/,/oak/stanford/groups/horence/JuliaO/nf-readzs/visium/V1_Mouse_Brain_Sagittal_Posterior/counts/V1_Mouse_Brain_Sagittal_Posterior_all_counts.txt,/oak/stanford/groups/horence/JuliaO/nf-readzs/visium/V1_Mouse_Brain_Sagittal_Posterior,150,/oak/stanford/groups/horence/JuliaO/visium_analysis/scripts/output/ising/V1_Mouse_Brain_Sagittal_Posterior_SpliZ_100_1000_b0.tsv,/oak/stanford/groups/horence/JuliaO/visium_analysis/scripts/output/ising/V1_Mouse_Brain_Sagittal_Posterior_SpliZVD1_100_1000_b0.tsv,/oak/stanford/groups/horence/JuliaO/visium_analysis/scripts/output/ising/V1_Mouse_Brain_Sagittal_Posterior_SpliZVD2_100_1000_b0.tsv,/oak/stanford/groups/horence/JuliaO/visium_analysis/scripts/output/ising/V1_Mouse_Brain_Sagittal_Posterior_SpliZVD3_100_1000_b0.tsv,/oak/stanford/groups/horence/JuliaO/visium_analysis/scripts/output/ising/V1_Mouse_Brain_Sagittal_Posterior_ReadZS_1000_1000_b0.tsv,/oak/stanford/groups/horence/JuliaO/visium_analysis/scripts/output/ising/V1_Mouse_Brain_Sagittal_Posterior_ReadZS_ge_1000_1000.tsv,/oak/stanford/groups/horence/JuliaO/visium_analysis/scripts/output/ising/V1_Mouse_Brain_Sagittal_Posterior_ge_100_1000.tsv,/oak/stanford/groups/horence/JuliaO/visium_analysis/scripts/output/ising/V1_Mouse_Brain_Sagittal_Posterior_SpliZ_norm_100_1000_b0.tsv,/oak/stanford/groups/horence/JuliaO/visium_analysis/scripts/output/ising/V1_Mouse_Brain_Sagittal_Posterior_ge_norm_100_1000.tsv,/oak/stanford/groups/horence/JuliaO/visium_analysis/scripts/output/ising/V1_Mouse_Brain_Sagittal_Posterior_SpliZ_resid_100_1000_b0.tsv,/oak/stanford/groups/horence/JuliaO/visium_analysis/scripts/output/ising/V1_Mouse_Brain_Sagittal_Posterior_ReadZS_norm_1000_1000_b0.tsv,/oak/stanford/groups/horence/JuliaO/visium_analysis/scripts/output/ising/V1_Mouse_Brain_Sagittal_Posterior_ReadZS_ge_norm_1000_1000.tsv,/oak/stanford/groups/horence/JuliaO/visium_analysis/scripts/output/ising/V1_Mouse_Brain_Sagittal_Posterior_ReadZS_resid_1000_1000_b0.tsv
V1_Mouse_Brain_Sagittal_Posterior_Section_2,visium,Brain,Mouse,/oak/stanford/groups/horence/JuliaO/nf-spliz-output/run_dir/visium_2_June_2022/V1_Mouse_Brain_Sagittal_Posterior_Section_2/SpliZ_values/V1_Mouse_Brain_Sagittal_Posterior_Section_2_sym_SVD_normdonor_S_0.1_z_0.0_b_0_r_0.01_light_subcol.tsv,/oak/stanford/groups/horence/JuliaO/nf-readzs/visium/V1_Mouse_Brain_Sagittal_Posterior_Section_2/zscore/V1_Mouse_Brain_Sagittal_Posterior_Section_2.zscore,/oak/stanford/groups/horence/JuliaO/visium_analysis/scripts/output/parse_gene_expression/V1_Mouse_Brain_Sagittal_Posterior_Section_2_sub_1000.tsv,/oak/stanford/groups/horence/JuliaO/data/visium/V1_Mouse_Brain_Sagittal_Posterior_Section_2/V1_Mouse_Brain_Sagittal_Posterior_Section_2_image.tif,/oak/stanford/groups/horence/JuliaO/visium_analysis/notebooks/output/visium_meta/meta_V1_Mouse_Brain_Sagittal_Posterior_Section_2.tsv,/scratch/groups/horence/JuliaO/single_cell/spatial_kmers/scripts/output/pixel_correlation/V1_Mouse_Brain_Sagittal_Posterior_Section_2_frac_count_100.tsv,/scratch/groups/horence/JuliaO/single_cell/spatial_kmers/scripts/output/pixel_correlation/V1_Mouse_Brain_Sagittal_Posterior_Section_2_z_scaled_100.tsv,/scratch/groups/horence/JuliaO/single_cell/spatial_kmers/scripts/output/pixel_correlation/V1_Mouse_Brain_Sagittal_Posterior_Section_2_scZ_100.tsv,/oak/stanford/groups/horence/JuliaO/visium_analysis/scripts/output/readzs_ge/V1_Mouse_Brain_Sagittal_Posterior_Section_2_readzs_ge_1000.tsv,/oak/stanford/groups/horence/JuliaO/visium_analysis/scripts/output/save_residuals/V1_Mouse_Brain_Sagittal_Posterior_Section_2_SpliZ_ge_100_b0.tsv,/oak/stanford/groups/horence/JuliaO/visium_analysis/scripts/output/save_residuals/V1_Mouse_Brain_Sagittal_Posterior_Section_2_ReadZS_ReadZS_ge_1000.tsv,/oak/stanford/groups/horence/JuliaO/data/visium/V1_Mouse_Brain_Sagittal_Posterior_Section_2/V1_Mouse_Brain_Sagittal_Posterior_Section_2_possorted_genome_bam.bam,/oak/stanford/groups/horence/JuliaO/data/visium/V1_Mouse_Brain_Sagittal_Posterior_Section_2/spatial/tissue_positions_list.csv,/oak/stanford/groups/horence/JuliaO/data/visium/V1_Mouse_Brain_Sagittal_Posterior_Section_2/filtered_feature_bc_matrix/,/oak/stanford/groups/horence/JuliaO/nf-readzs/visium/V1_Mouse_Brain_Sagittal_Posterior_Section_2/counts/V1_Mouse_Brain_Sagittal_Posterior_Section_2_all_counts.txt,/oak/stanford/groups/horence/JuliaO/nf-readzs/visium/V1_Mouse_Brain_Sagittal_Posterior_Section_2,150,/oak/stanford/groups/horence/JuliaO/visium_analysis/scripts/output/ising/V1_Mouse_Brain_Sagittal_Posterior_Section_2_SpliZ_100_1000_b0.tsv,/oak/stanford/groups/horence/JuliaO/visium_analysis/scripts/output/ising/V1_Mouse_Brain_Sagittal_Posterior_Section_2_SpliZVD1_100_1000_b0.tsv,/oak/stanford/groups/horence/JuliaO/visium_analysis/scripts/output/ising/V1_Mouse_Brain_Sagittal_Posterior_Section_2_SpliZVD2_100_1000_b0.tsv,/oak/stanford/groups/horence/JuliaO/visium_analysis/scripts/output/ising/V1_Mouse_Brain_Sagittal_Posterior_Section_2_SpliZVD3_100_1000_b0.tsv,/oak/stanford/groups/horence/JuliaO/visium_analysis/scripts/output/ising/V1_Mouse_Brain_Sagittal_Posterior_Section_2_ReadZS_1000_1000_b0.tsv,/oak/stanford/groups/horence/JuliaO/visium_analysis/scripts/output/ising/V1_Mouse_Brain_Sagittal_Posterior_Section_2_ReadZS_ge_1000_1000.tsv,/oak/stanford/groups/horence/JuliaO/visium_analysis/scripts/output/ising/V1_Mouse_Brain_Sagittal_Posterior_Section_2_ge_100_1000.tsv,/oak/stanford/groups/horence/JuliaO/visium_analysis/scripts/output/ising/V1_Mouse_Brain_Sagittal_Posterior_Section_2_SpliZ_norm_100_1000_b0.tsv,/oak/stanford/groups/horence/JuliaO/visium_analysis/scripts/output/ising/V1_Mouse_Brain_Sagittal_Posterior_Section_2_ge_norm_100_1000.tsv,/oak/stanford/groups/horence/JuliaO/visium_analysis/scripts/output/ising/V1_Mouse_Brain_Sagittal_Posterior_Section_2_SpliZ_resid_100_1000_b0.tsv,/oak/stanford/groups/horence/JuliaO/visium_analysis/scripts/output/ising/V1_Mouse_Brain_Sagittal_Posterior_Section_2_ReadZS_norm_1000_1000_b0.tsv,/oak/stanford/groups/horence/JuliaO/visium_analysis/scripts/output/ising/V1_Mouse_Brain_Sagittal_Posterior_Section_2_ReadZS_ge_norm_1000_1000.tsv,/oak/stanford/groups/horence/JuliaO/visium_analysis/scripts/output/ising/V1_Mouse_Brain_Sagittal_Posterior_Section_2_ReadZS_resid_1000_1000_b0.tsv
V1_Mouse_Brain_Sagittal_Anterior,visium,Brain,Mouse,/oak/stanford/groups/horence/JuliaO/nf-spliz-output/run_dir/visium_2_June_2022/V1_Mouse_Brain_Sagittal_Anterior/SpliZ_values/V1_Mouse_Brain_Sagittal_Anterior_sym_SVD_normdonor_S_0.1_z_0.0_b_0_r_0.01_light_subcol.tsv,/oak/stanford/groups/horence/JuliaO/nf-readzs/visium/V1_Mouse_Brain_Sagittal_Anterior/zscore/V1_Mouse_Brain_Sagittal_Anterior.zscore,/oak/stanford/groups/horence/JuliaO/visium_analysis/scripts/output/parse_gene_expression/V1_Mouse_Brain_Sagittal_Anterior_sub_1000.tsv,/oak/stanford/groups/horence/JuliaO/data/visium/V1_Mouse_Brain_Sagittal_Anterior/V1_Mouse_Brain_Sagittal_Anterior_image.tif,/oak/stanford/groups/horence/JuliaO/visium_analysis/notebooks/output/visium_meta/meta_V1_Mouse_Brain_Sagittal_Anterior.tsv,/scratch/groups/horence/JuliaO/single_cell/spatial_kmers/scripts/output/pixel_correlation/V1_Mouse_Brain_Sagittal_Anterior_frac_count_100.tsv,/scratch/groups/horence/JuliaO/single_cell/spatial_kmers/scripts/output/pixel_correlation/V1_Mouse_Brain_Sagittal_Anterior_z_scaled_100.tsv,/scratch/groups/horence/JuliaO/single_cell/spatial_kmers/scripts/output/pixel_correlation/V1_Mouse_Brain_Sagittal_Anterior_scZ_100.tsv,/oak/stanford/groups/horence/JuliaO/visium_analysis/scripts/output/readzs_ge/V1_Mouse_Brain_Sagittal_Anterior_readzs_ge_1000.tsv,/oak/stanford/groups/horence/JuliaO/visium_analysis/scripts/output/save_residuals/V1_Mouse_Brain_Sagittal_Anterior_SpliZ_ge_100_b0.tsv,/oak/stanford/groups/horence/JuliaO/visium_analysis/scripts/output/save_residuals/V1_Mouse_Brain_Sagittal_Anterior_ReadZS_ReadZS_ge_1000.tsv,/oak/stanford/groups/horence/JuliaO/data/visium/V1_Mouse_Brain_Sagittal_Anterior/V1_Mouse_Brain_Sagittal_Anterior_possorted_genome_bam.bam,/oak/stanford/groups/horence/JuliaO/data/visium/V1_Mouse_Brain_Sagittal_Anterior/spatial/tissue_positions_list.csv,/oak/stanford/groups/horence/JuliaO/data/visium/V1_Mouse_Brain_Sagittal_Anterior/filtered_feature_bc_matrix/,/oak/stanford/groups/horence/JuliaO/nf-readzs/visium/V1_Mouse_Brain_Sagittal_Anterior/counts/V1_Mouse_Brain_Sagittal_Anterior_all_counts.txt,/oak/stanford/groups/horence/JuliaO/nf-readzs/visium/V1_Mouse_Brain_Sagittal_Anterior,150,/oak/stanford/groups/horence/JuliaO/visium_analysis/scripts/output/ising/V1_Mouse_Brain_Sagittal_Anterior_SpliZ_100_1000_b0.tsv,/oak/stanford/groups/horence/JuliaO/visium_analysis/scripts/output/ising/V1_Mouse_Brain_Sagittal_Anterior_SpliZVD1_100_1000_b0.tsv,/oak/stanford/groups/horence/JuliaO/visium_analysis/scripts/output/ising/V1_Mouse_Brain_Sagittal_Anterior_SpliZVD2_100_1000_b0.tsv,/oak/stanford/groups/horence/JuliaO/visium_analysis/scripts/output/ising/V1_Mouse_Brain_Sagittal_Anterior_SpliZVD3_100_1000_b0.tsv,/oak/stanford/groups/horence/JuliaO/visium_analysis/scripts/output/ising/V1_Mouse_Brain_Sagittal_Anterior_ReadZS_1000_1000_b0.tsv,/oak/stanford/groups/horence/JuliaO/visium_analysis/scripts/output/ising/V1_Mouse_Brain_Sagittal_Anterior_ReadZS_ge_1000_1000.tsv,/oak/stanford/groups/horence/JuliaO/visium_analysis/scripts/output/ising/V1_Mouse_Brain_Sagittal_Anterior_ge_100_1000.tsv,/oak/stanford/groups/horence/JuliaO/visium_analysis/scripts/output/ising/V1_Mouse_Brain_Sagittal_Anterior_SpliZ_norm_100_1000_b0.tsv,/oak/stanford/groups/horence/JuliaO/visium_analysis/scripts/output/ising/V1_Mouse_Brain_Sagittal_Anterior_ge_norm_100_1000.tsv,/oak/stanford/groups/horence/JuliaO/visium_analysis/scripts/output/ising/V1_Mouse_Brain_Sagittal_Anterior_SpliZ_resid_100_1000_b0.tsv,/oak/stanford/groups/horence/JuliaO/visium_analysis/scripts/output/ising/V1_Mouse_Brain_Sagittal_Anterior_ReadZS_norm_1000_1000_b0.tsv,/oak/stanford/groups/horence/JuliaO/visium_analysis/scripts/output/ising/V1_Mouse_Brain_Sagittal_Anterior_ReadZS_ge_norm_1000_1000.tsv,/oak/stanford/groups/horence/JuliaO/visium_analysis/scripts/output/ising/V1_Mouse_Brain_Sagittal_Anterior_ReadZS_resid_1000_1000_b0.tsv
V1_Mouse_Brain_Sagittal_Anterior_Section_2,visium,Brain,Mouse,/oak/stanford/groups/horence/JuliaO/nf-spliz-output/run_dir/visium_2_June_2022/V1_Mouse_Brain_Sagittal_Anterior_Section_2/SpliZ_values/V1_Mouse_Brain_Sagittal_Anterior_Section_2_sym_SVD_normdonor_S_0.1_z_0.0_b_0_r_0.01_light_subcol.tsv,/oak/stanford/groups/horence/JuliaO/nf-readzs/visium/V1_Mouse_Brain_Sagittal_Anterior_Section_2/zscore/V1_Mouse_Brain_Sagittal_Anterior_Section_2.zscore,/oak/stanford/groups/horence/JuliaO/visium_analysis/scripts/output/parse_gene_expression/V1_Mouse_Brain_Sagittal_Anterior_Section_2_sub_1000.tsv,/oak/stanford/groups/horence/JuliaO/data/visium/V1_Mouse_Brain_Sagittal_Anterior_Section_2/V1_Mouse_Brain_Sagittal_Anterior_Section_2_image.tif,/oak/stanford/groups/horence/JuliaO/visium_analysis/notebooks/output/visium_meta/meta_V1_Mouse_Brain_Sagittal_Anterior_Section_2.tsv,/scratch/groups/horence/JuliaO/single_cell/spatial_kmers/scripts/output/pixel_correlation/V1_Mouse_Brain_Sagittal_Anterior_Section_2_frac_count_100.tsv,/scratch/groups/horence/JuliaO/single_cell/spatial_kmers/scripts/output/pixel_correlation/V1_Mouse_Brain_Sagittal_Anterior_Section_2_z_scaled_100.tsv,/scratch/groups/horence/JuliaO/single_cell/spatial_kmers/scripts/output/pixel_correlation/V1_Mouse_Brain_Sagittal_Anterior_Section_2_scZ_100.tsv,/oak/stanford/groups/horence/JuliaO/visium_analysis/scripts/output/readzs_ge/V1_Mouse_Brain_Sagittal_Anterior_Section_2_readzs_ge_1000.tsv,/oak/stanford/groups/horence/JuliaO/visium_analysis/scripts/output/save_residuals/V1_Mouse_Brain_Sagittal_Anterior_Section_2_SpliZ_ge_100_b0.tsv,/oak/stanford/groups/horence/JuliaO/visium_analysis/scripts/output/save_residuals/V1_Mouse_Brain_Sagittal_Anterior_Section_2_ReadZS_ReadZS_ge_1000.tsv,/oak/stanford/groups/horence/JuliaO/data/visium/V1_Mouse_Brain_Sagittal_Anterior_Section_2/V1_Mouse_Brain_Sagittal_Anterior_Section_2_possorted_genome_bam.bam,/oak/stanford/groups/horence/JuliaO/data/visium/V1_Mouse_Brain_Sagittal_Anterior_Section_2/spatial/tissue_positions_list.csv,/oak/stanford/groups/horence/JuliaO/data/visium/V1_Mouse_Brain_Sagittal_Anterior_Section_2/filtered_feature_bc_matrix/,/oak/stanford/groups/horence/JuliaO/nf-readzs/visium/V1_Mouse_Brain_Sagittal_Anterior_Section_2/counts/V1_Mouse_Brain_Sagittal_Anterior_Section_2_all_counts.txt,/oak/stanford/groups/horence/JuliaO/nf-readzs/visium/V1_Mouse_Brain_Sagittal_Anterior_Section_2,150,/oak/stanford/groups/horence/JuliaO/visium_analysis/scripts/output/ising/V1_Mouse_Brain_Sagittal_Anterior_Section_2_SpliZ_100_1000_b0.tsv,/oak/stanford/groups/horence/JuliaO/visium_analysis/scripts/output/ising/V1_Mouse_Brain_Sagittal_Anterior_Section_2_SpliZVD1_100_1000_b0.tsv,/oak/stanford/groups/horence/JuliaO/visium_analysis/scripts/output/ising/V1_Mouse_Brain_Sagittal_Anterior_Section_2_SpliZVD2_100_1000_b0.tsv,/oak/stanford/groups/horence/JuliaO/visium_analysis/scripts/output/ising/V1_Mouse_Brain_Sagittal_Anterior_Section_2_SpliZVD3_100_1000_b0.tsv,/oak/stanford/groups/horence/JuliaO/visium_analysis/scripts/output/ising/V1_Mouse_Brain_Sagittal_Anterior_Section_2_ReadZS_1000_1000_b0.tsv,/oak/stanford/groups/horence/JuliaO/visium_analysis/scripts/output/ising/V1_Mouse_Brain_Sagittal_Anterior_Section_2_ReadZS_ge_1000_1000.tsv,/oak/stanford/groups/horence/JuliaO/visium_analysis/scripts/output/ising/V1_Mouse_Brain_Sagittal_Anterior_Section_2_ge_100_1000.tsv,/oak/stanford/groups/horence/JuliaO/visium_analysis/scripts/output/ising/V1_Mouse_Brain_Sagittal_Anterior_Section_2_SpliZ_norm_100_1000_b0.tsv,/oak/stanford/groups/horence/JuliaO/visium_analysis/scripts/output/ising/V1_Mouse_Brain_Sagittal_Anterior_Section_2_ge_norm_100_1000.tsv,/oak/stanford/groups/horence/JuliaO/visium_analysis/scripts/output/ising/V1_Mouse_Brain_Sagittal_Anterior_Section_2_SpliZ_resid_100_1000_b0.tsv,/oak/stanford/groups/horence/JuliaO/visium_analysis/scripts/output/ising/V1_Mouse_Brain_Sagittal_Anterior_Section_2_ReadZS_norm_1000_1000_b0.tsv,/oak/stanford/groups/horence/JuliaO/visium_analysis/scripts/output/ising/V1_Mouse_Brain_Sagittal_Anterior_Section_2_ReadZS_ge_norm_1000_1000.tsv,/oak/stanford/groups/horence/JuliaO/visium_analysis/scripts/output/ising/V1_Mouse_Brain_Sagittal_Anterior_Section_2_ReadZS_resid_1000_1000_b0.tsv
V1_Mouse_Kidney,visium,Kidney,Mouse,/oak/stanford/groups/horence/JuliaO/nf-spliz-output/run_dir/visium_2_June_2022/V1_Mouse_Kidney/SpliZ_values/V1_Mouse_Kidney_sym_SVD_normdonor_S_0.1_z_0.0_b_0_r_0.01_light_subcol.tsv,/oak/stanford/groups/horence/JuliaO/nf-readzs/visium/V1_Mouse_Kidney/zscore/V1_Mouse_Kidney.zscore,/oak/stanford/groups/horence/JuliaO/visium_analysis/scripts/output/parse_gene_expression/V1_Mouse_Kidney_sub_1000.tsv,/oak/stanford/groups/horence/JuliaO/data/visium/V1_Mouse_Kidney/V1_Mouse_Kidney_image.tif,/oak/stanford/groups/horence/JuliaO/visium_analysis/notebooks/output/visium_meta/meta_V1_Mouse_Kidney.tsv,/scratch/groups/horence/JuliaO/single_cell/spatial_kmers/scripts/output/pixel_correlation/V1_Mouse_Kidney_frac_count_100.tsv,/scratch/groups/horence/JuliaO/single_cell/spatial_kmers/scripts/output/pixel_correlation/V1_Mouse_Kidney_z_scaled_100.tsv,/scratch/groups/horence/JuliaO/single_cell/spatial_kmers/scripts/output/pixel_correlation/V1_Mouse_Kidney_scZ_100.tsv,/oak/stanford/groups/horence/JuliaO/visium_analysis/scripts/output/readzs_ge/V1_Mouse_Kidney_readzs_ge_1000.tsv,/oak/stanford/groups/horence/JuliaO/visium_analysis/scripts/output/save_residuals/V1_Mouse_Kidney_SpliZ_ge_100_b0.tsv,/oak/stanford/groups/horence/JuliaO/visium_analysis/scripts/output/save_residuals/V1_Mouse_Kidney_ReadZS_ReadZS_ge_1000.tsv,/oak/stanford/groups/horence/JuliaO/data/visium/V1_Mouse_Kidney/V1_Mouse_Kidney_possorted_genome_bam.bam,/oak/stanford/groups/horence/JuliaO/data/visium/V1_Mouse_Kidney/spatial/tissue_positions_list.csv,/oak/stanford/groups/horence/JuliaO/data/visium/V1_Mouse_Kidney/filtered_feature_bc_matrix/,/oak/stanford/groups/horence/JuliaO/nf-readzs/visium/V1_Mouse_Kidney/counts/V1_Mouse_Kidney_all_counts.txt,/oak/stanford/groups/horence/JuliaO/nf-readzs/visium/V1_Mouse_Kidney,150,/oak/stanford/groups/horence/JuliaO/visium_analysis/scripts/output/ising/V1_Mouse_Kidney_SpliZ_100_1000_b0.tsv,/oak/stanford/groups/horence/JuliaO/visium_analysis/scripts/output/ising/V1_Mouse_Kidney_SpliZVD1_100_1000_b0.tsv,/oak/stanford/groups/horence/JuliaO/visium_analysis/scripts/output/ising/V1_Mouse_Kidney_SpliZVD2_100_1000_b0.tsv,/oak/stanford/groups/horence/JuliaO/visium_analysis/scripts/output/ising/V1_Mouse_Kidney_SpliZVD3_100_1000_b0.tsv,/oak/stanford/groups/horence/JuliaO/visium_analysis/scripts/output/ising/V1_Mouse_Kidney_ReadZS_1000_1000_b0.tsv,/oak/stanford/groups/horence/JuliaO/visium_analysis/scripts/output/ising/V1_Mouse_Kidney_ReadZS_ge_1000_1000.tsv,/oak/stanford/groups/horence/JuliaO/visium_analysis/scripts/output/ising/V1_Mouse_Kidney_ge_100_1000.tsv,/oak/stanford/groups/horence/JuliaO/visium_analysis/scripts/output/ising/V1_Mouse_Kidney_SpliZ_norm_100_1000_b0.tsv,/oak/stanford/groups/horence/JuliaO/visium_analysis/scripts/output/ising/V1_Mouse_Kidney_ge_norm_100_1000.tsv,/oak/stanford/groups/horence/JuliaO/visium_analysis/scripts/output/ising/V1_Mouse_Kidney_SpliZ_resid_100_1000_b0.tsv,/oak/stanford/groups/horence/JuliaO/visium_analysis/scripts/output/ising/V1_Mouse_Kidney_ReadZS_norm_1000_1000_b0.tsv,/oak/stanford/groups/horence/JuliaO/visium_analysis/scripts/output/ising/V1_Mouse_Kidney_ReadZS_ge_norm_1000_1000.tsv,/oak/stanford/groups/horence/JuliaO/visium_analysis/scripts/output/ising/V1_Mouse_Kidney_ReadZS_resid_1000_1000_b0.tsv
Visium_FFPE_Human_Breast_Cancer,visium,Breast_Cancer,Human,/oak/stanford/groups/horence/JuliaO/nf-spliz-output/run_dir_2_June_2022/visium/Visium_FFPE_Human_Breast_Cancer/SpliZ_values/Visium_FFPE_Human_Breast_Cancer_sym_SVD_normdonor_S_0.1_z_0.0_b_0_r_0.01_light_subcol.tsv,/oak/stanford/groups/horence/JuliaO/nf-readzs/visium/Visium_FFPE_Human_Breast_Cancer/zscore/Visium_FFPE_Human_Breast_Cancer.zscore,/oak/stanford/groups/horence/JuliaO/visium_analysis/scripts/output/parse_gene_expression/Visium_FFPE_Human_Breast_Cancer_sub_1000.tsv,/oak/stanford/groups/horence/JuliaO/data/visium/Visium_FFPE_Human_Breast_Cancer/Visium_FFPE_Human_Breast_Cancer_image.tif,/oak/stanford/groups/horence/JuliaO/visium_analysis/notebooks/output/visium_meta/meta_Visium_FFPE_Human_Breast_Cancer.tsv,/scratch/groups/horence/JuliaO/single_cell/spatial_kmers/scripts/output/pixel_correlation/Visium_FFPE_Human_Breast_Cancer_frac_count_100.tsv,/scratch/groups/horence/JuliaO/single_cell/spatial_kmers/scripts/output/pixel_correlation/Visium_FFPE_Human_Breast_Cancer_z_scaled_100.tsv,/scratch/groups/horence/JuliaO/single_cell/spatial_kmers/scripts/output/pixel_correlation/Visium_FFPE_Human_Breast_Cancer_scZ_100.tsv,/oak/stanford/groups/horence/JuliaO/visium_analysis/scripts/output/readzs_ge/Visium_FFPE_Human_Breast_Cancer_readzs_ge_1000.tsv,/oak/stanford/groups/horence/JuliaO/visium_analysis/scripts/output/save_residuals/Visium_FFPE_Human_Breast_Cancer_SpliZ_ge_100_b0.tsv,/oak/stanford/groups/horence/JuliaO/visium_analysis/scripts/output/save_residuals/Visium_FFPE_Human_Breast_Cancer_ReadZS_ReadZS_ge_1000.tsv,/oak/stanford/groups/horence/JuliaO/data/visium/Visium_FFPE_Human_Breast_Cancer/Visium_FFPE_Human_Breast_Cancer_possorted_genome_bam.bam,/oak/stanford/groups/horence/JuliaO/data/visium/Visium_FFPE_Human_Breast_Cancer/spatial/tissue_positions_list.csv,/oak/stanford/groups/horence/JuliaO/data/visium/Visium_FFPE_Human_Breast_Cancer/filtered_feature_bc_matrix/,/oak/stanford/groups/horence/JuliaO/nf-readzs/visium/Visium_FFPE_Human_Breast_Cancer/counts/Visium_FFPE_Human_Breast_Cancer_all_counts.txt,/oak/stanford/groups/horence/JuliaO/nf-readzs/visium/Visium_FFPE_Human_Breast_Cancer,400,/oak/stanford/groups/horence/JuliaO/visium_analysis/scripts/output/ising/Visium_FFPE_Human_Breast_Cancer_SpliZ_100_1000_b0.tsv,/oak/stanford/groups/horence/JuliaO/visium_analysis/scripts/output/ising/Visium_FFPE_Human_Breast_Cancer_SpliZVD1_100_1000_b0.tsv,/oak/stanford/groups/horence/JuliaO/visium_analysis/scripts/output/ising/Visium_FFPE_Human_Breast_Cancer_SpliZVD2_100_1000_b0.tsv,/oak/stanford/groups/horence/JuliaO/visium_analysis/scripts/output/ising/Visium_FFPE_Human_Breast_Cancer_SpliZVD3_100_1000_b0.tsv,/oak/stanford/groups/horence/JuliaO/visium_analysis/scripts/output/ising/Visium_FFPE_Human_Breast_Cancer_ReadZS_1000_1000_b0.tsv,/oak/stanford/groups/horence/JuliaO/visium_analysis/scripts/output/ising/Visium_FFPE_Human_Breast_Cancer_ReadZS_ge_1000_1000.tsv,/oak/stanford/groups/horence/JuliaO/visium_analysis/scripts/output/ising/Visium_FFPE_Human_Breast_Cancer_ge_100_1000.tsv,/oak/stanford/groups/horence/JuliaO/visium_analysis/scripts/output/ising/Visium_FFPE_Human_Breast_Cancer_SpliZ_norm_100_1000_b0.tsv,/oak/stanford/groups/horence/JuliaO/visium_analysis/scripts/output/ising/Visium_FFPE_Human_Breast_Cancer_ge_norm_100_1000.tsv,/oak/stanford/groups/horence/JuliaO/visium_analysis/scripts/output/ising/Visium_FFPE_Human_Breast_Cancer_SpliZ_resid_100_1000_b0.tsv,/oak/stanford/groups/horence/JuliaO/visium_analysis/scripts/output/ising/Visium_FFPE_Human_Breast_Cancer_ReadZS_norm_1000_1000_b0.tsv,/oak/stanford/groups/horence/JuliaO/visium_analysis/scripts/output/ising/Visium_FFPE_Human_Breast_Cancer_ReadZS_ge_norm_1000_1000.tsv,/oak/stanford/groups/horence/JuliaO/visium_analysis/scripts/output/ising/Visium_FFPE_Human_Breast_Cancer_ReadZS_resid_1000_1000_b0.tsv
Visium_FFPE_Human_Normal_Prostate,visium,Normal_Prostate,Human,/oak/stanford/groups/horence/JuliaO/nf-spliz-output/run_dir_2_June_2022/visium/Visium_FFPE_Human_Normal_Prostate/SpliZ_values/Visium_FFPE_Human_Normal_Prostate_sym_SVD_normdonor_S_0.1_z_0.0_b_0_r_0.01_light_subcol.tsv,/oak/stanford/groups/horence/JuliaO/nf-readzs/visium/Visium_FFPE_Human_Normal_Prostate/zscore/Visium_FFPE_Human_Normal_Prostate.zscore,/oak/stanford/groups/horence/JuliaO/visium_analysis/scripts/output/parse_gene_expression/Visium_FFPE_Human_Normal_Prostate_sub_1000.tsv,/oak/stanford/groups/horence/JuliaO/data/visium/Visium_FFPE_Human_Normal_Prostate/Visium_FFPE_Human_Normal_Prostate_image.jpg,/oak/stanford/groups/horence/JuliaO/visium_analysis/notebooks/output/visium_meta/meta_Visium_FFPE_Human_Normal_Prostate.tsv,/scratch/groups/horence/JuliaO/single_cell/spatial_kmers/scripts/output/pixel_correlation/Visium_FFPE_Human_Normal_Prostate_frac_count_100.tsv,/scratch/groups/horence/JuliaO/single_cell/spatial_kmers/scripts/output/pixel_correlation/Visium_FFPE_Human_Normal_Prostate_z_scaled_100.tsv,/scratch/groups/horence/JuliaO/single_cell/spatial_kmers/scripts/output/pixel_correlation/Visium_FFPE_Human_Normal_Prostate_scZ_100.tsv,/oak/stanford/groups/horence/JuliaO/visium_analysis/scripts/output/readzs_ge/Visium_FFPE_Human_Normal_Prostate_readzs_ge_1000.tsv,/oak/stanford/groups/horence/JuliaO/visium_analysis/scripts/output/save_residuals/Visium_FFPE_Human_Normal_Prostate_SpliZ_ge_100_b0.tsv,/oak/stanford/groups/horence/JuliaO/visium_analysis/scripts/output/save_residuals/Visium_FFPE_Human_Normal_Prostate_ReadZS_ReadZS_ge_1000.tsv,/oak/stanford/groups/horence/JuliaO/data/visium/Visium_FFPE_Human_Normal_Prostate/Visium_FFPE_Human_Normal_Prostate_possorted_genome_bam.bam,/oak/stanford/groups/horence/JuliaO/data/visium/Visium_FFPE_Human_Normal_Prostate/spatial/tissue_positions_list.csv,/oak/stanford/groups/horence/JuliaO/data/visium/Visium_FFPE_Human_Normal_Prostate/filtered_feature_bc_matrix/,/oak/stanford/groups/horence/JuliaO/nf-readzs/visium/Visium_FFPE_Human_Normal_Prostate/counts/Visium_FFPE_Human_Normal_Prostate_all_counts.txt,/oak/stanford/groups/horence/JuliaO/nf-readzs/visium/Visium_FFPE_Human_Normal_Prostate,400,/oak/stanford/groups/horence/JuliaO/visium_analysis/scripts/output/ising/Visium_FFPE_Human_Normal_Prostate_SpliZ_100_1000_b0.tsv,/oak/stanford/groups/horence/JuliaO/visium_analysis/scripts/output/ising/Visium_FFPE_Human_Normal_Prostate_SpliZVD1_100_1000_b0.tsv,/oak/stanford/groups/horence/JuliaO/visium_analysis/scripts/output/ising/Visium_FFPE_Human_Normal_Prostate_SpliZVD2_100_1000_b0.tsv,/oak/stanford/groups/horence/JuliaO/visium_analysis/scripts/output/ising/Visium_FFPE_Human_Normal_Prostate_SpliZVD3_100_1000_b0.tsv,/oak/stanford/groups/horence/JuliaO/visium_analysis/scripts/output/ising/Visium_FFPE_Human_Normal_Prostate_ReadZS_1000_1000_b0.tsv,/oak/stanford/groups/horence/JuliaO/visium_analysis/scripts/output/ising/Visium_FFPE_Human_Normal_Prostate_ReadZS_ge_1000_1000.tsv,/oak/stanford/groups/horence/JuliaO/visium_analysis/scripts/output/ising/Visium_FFPE_Human_Normal_Prostate_ge_100_1000.tsv,/oak/stanford/groups/horence/JuliaO/visium_analysis/scripts/output/ising/Visium_FFPE_Human_Normal_Prostate_SpliZ_norm_100_1000_b0.tsv,/oak/stanford/groups/horence/JuliaO/visium_analysis/scripts/output/ising/Visium_FFPE_Human_Normal_Prostate_ge_norm_100_1000.tsv,/oak/stanford/groups/horence/JuliaO/visium_analysis/scripts/output/ising/Visium_FFPE_Human_Normal_Prostate_SpliZ_resid_100_1000_b0.tsv,/oak/stanford/groups/horence/JuliaO/visium_analysis/scripts/output/ising/Visium_FFPE_Human_Normal_Prostate_ReadZS_norm_1000_1000_b0.tsv,/oak/stanford/groups/horence/JuliaO/visium_analysis/scripts/output/ising/Visium_FFPE_Human_Normal_Prostate_ReadZS_ge_norm_1000_1000.tsv,/oak/stanford/groups/horence/JuliaO/visium_analysis/scripts/output/ising/Visium_FFPE_Human_Normal_Prostate_ReadZS_resid_1000_1000_b0.tsv
Visium_FFPE_Human_Prostate_Acinar_Cell_Carcinoma,visium,Prostate_Acinar_Cell_Carcinoma,Human,/oak/stanford/groups/horence/JuliaO/nf-spliz-output/run_dir_2_June_2022/visium/Visium_FFPE_Human_Prostate_Acinar_Cell_Carcinoma/SpliZ_values/Visium_FFPE_Human_Prostate_Acinar_Cell_Carcinoma_sym_SVD_normdonor_S_0.1_z_0.0_b_0_r_0.01_light_subcol.tsv,/oak/stanford/groups/horence/JuliaO/nf-readzs/visium/Visium_FFPE_Human_Prostate_Acinar_Cell_Carcinoma/zscore/Visium_FFPE_Human_Prostate_Acinar_Cell_Carcinoma.zscore,/oak/stanford/groups/horence/JuliaO/visium_analysis/scripts/output/parse_gene_expression/Visium_FFPE_Human_Prostate_Acinar_Cell_Carcinoma_sub_1000.tsv,/oak/stanford/groups/horence/JuliaO/data/visium/Visium_FFPE_Human_Prostate_Acinar_Cell_Carcinoma/Visium_FFPE_Human_Prostate_Acinar_Cell_Carcinoma_image.tif,/oak/stanford/groups/horence/JuliaO/visium_analysis/notebooks/output/visium_meta/meta_Visium_FFPE_Human_Prostate_Acinar_Cell_Carcinoma.tsv,/scratch/groups/horence/JuliaO/single_cell/spatial_kmers/scripts/output/pixel_correlation/Visium_FFPE_Human_Prostate_Acinar_Cell_Carcinoma_frac_count_100.tsv,/scratch/groups/horence/JuliaO/single_cell/spatial_kmers/scripts/output/pixel_correlation/Visium_FFPE_Human_Prostate_Acinar_Cell_Carcinoma_z_scaled_100.tsv,/scratch/groups/horence/JuliaO/single_cell/spatial_kmers/scripts/output/pixel_correlation/Visium_FFPE_Human_Prostate_Acinar_Cell_Carcinoma_scZ_100.tsv,/oak/stanford/groups/horence/JuliaO/visium_analysis/scripts/output/readzs_ge/Visium_FFPE_Human_Prostate_Acinar_Cell_Carcinoma_readzs_ge_1000.tsv,/oak/stanford/groups/horence/JuliaO/visium_analysis/scripts/output/save_residuals/Visium_FFPE_Human_Prostate_Acinar_Cell_Carcinoma_SpliZ_ge_100_b0.tsv,/oak/stanford/groups/horence/JuliaO/visium_analysis/scripts/output/save_residuals/Visium_FFPE_Human_Prostate_Acinar_Cell_Carcinoma_ReadZS_ReadZS_ge_1000.tsv,/oak/stanford/groups/horence/JuliaO/data/visium/Visium_FFPE_Human_Prostate_Acinar_Cell_Carcinoma/Visium_FFPE_Human_Prostate_Acinar_Cell_Carcinoma_possorted_genome_bam.bam,/oak/stanford/groups/horence/JuliaO/data/visium/Visium_FFPE_Human_Prostate_Acinar_Cell_Carcinoma/spatial/tissue_positions_list.csv,/oak/stanford/groups/horence/JuliaO/data/visium/Visium_FFPE_Human_Prostate_Acinar_Cell_Carcinoma/filtered_feature_bc_matrix/,/oak/stanford/groups/horence/JuliaO/nf-readzs/visium/Visium_FFPE_Human_Prostate_Acinar_Cell_Carcinoma/counts/Visium_FFPE_Human_Prostate_Acinar_Cell_Carcinoma_all_counts.txt,/oak/stanford/groups/horence/JuliaO/nf-readzs/visium/Visium_FFPE_Human_Prostate_Acinar_Cell_Carcinoma,400,/oak/stanford/groups/horence/JuliaO/visium_analysis/scripts/output/ising/Visium_FFPE_Human_Prostate_Acinar_Cell_Carcinoma_SpliZ_100_1000_b0.tsv,/oak/stanford/groups/horence/JuliaO/visium_analysis/scripts/output/ising/Visium_FFPE_Human_Prostate_Acinar_Cell_Carcinoma_SpliZVD1_100_1000_b0.tsv,/oak/stanford/groups/horence/JuliaO/visium_analysis/scripts/output/ising/Visium_FFPE_Human_Prostate_Acinar_Cell_Carcinoma_SpliZVD2_100_1000_b0.tsv,/oak/stanford/groups/horence/JuliaO/visium_analysis/scripts/output/ising/Visium_FFPE_Human_Prostate_Acinar_Cell_Carcinoma_SpliZVD3_100_1000_b0.tsv,/oak/stanford/groups/horence/JuliaO/visium_analysis/scripts/output/ising/Visium_FFPE_Human_Prostate_Acinar_Cell_Carcinoma_ReadZS_1000_1000_b0.tsv,/oak/stanford/groups/horence/JuliaO/visium_analysis/scripts/output/ising/Visium_FFPE_Human_Prostate_Acinar_Cell_Carcinoma_ReadZS_ge_1000_1000.tsv,/oak/stanford/groups/horence/JuliaO/visium_analysis/scripts/output/ising/Visium_FFPE_Human_Prostate_Acinar_Cell_Carcinoma_ge_100_1000.tsv,/oak/stanford/groups/horence/JuliaO/visium_analysis/scripts/output/ising/Visium_FFPE_Human_Prostate_Acinar_Cell_Carcinoma_SpliZ_norm_100_1000_b0.tsv,/oak/stanford/groups/horence/JuliaO/visium_analysis/scripts/output/ising/Visium_FFPE_Human_Prostate_Acinar_Cell_Carcinoma_ge_norm_100_1000.tsv,/oak/stanford/groups/horence/JuliaO/visium_analysis/scripts/output/ising/Visium_FFPE_Human_Prostate_Acinar_Cell_Carcinoma_SpliZ_resid_100_1000_b0.tsv,/oak/stanford/groups/horence/JuliaO/visium_analysis/scripts/output/ising/Visium_FFPE_Human_Prostate_Acinar_Cell_Carcinoma_ReadZS_norm_1000_1000_b0.tsv,/oak/stanford/groups/horence/JuliaO/visium_analysis/scripts/output/ising/Visium_FFPE_Human_Prostate_Acinar_Cell_Carcinoma_ReadZS_ge_norm_1000_1000.tsv,/oak/stanford/groups/horence/JuliaO/visium_analysis/scripts/output/ising/Visium_FFPE_Human_Prostate_Acinar_Cell_Carcinoma_ReadZS_resid_1000_1000_b0.tsv
Visium_FFPE_Human_Prostate_Cancer,visium,Prostate_Cancer,Human,/oak/stanford/groups/horence/JuliaO/nf-spliz-output/run_dir_2_June_2022/visium/Visium_FFPE_Human_Prostate_Cancer/SpliZ_values/Visium_FFPE_Human_Prostate_Cancer_sym_SVD_normdonor_S_0.1_z_0.0_b_0_r_0.01_light_subcol.tsv,/oak/stanford/groups/horence/JuliaO/nf-readzs/visium/Visium_FFPE_Human_Prostate_Cancer/zscore/Visium_FFPE_Human_Prostate_Cancer.zscore,/oak/stanford/groups/horence/JuliaO/visium_analysis/scripts/output/parse_gene_expression/Visium_FFPE_Human_Prostate_Cancer_sub_1000.tsv,/oak/stanford/groups/horence/JuliaO/data/visium/Visium_FFPE_Human_Prostate_Cancer/Visium_FFPE_Human_Prostate_Cancer_image.tif,/oak/stanford/groups/horence/JuliaO/visium_analysis/notebooks/output/visium_meta/meta_Visium_FFPE_Human_Prostate_Cancer.tsv,/scratch/groups/horence/JuliaO/single_cell/spatial_kmers/scripts/output/pixel_correlation/Visium_FFPE_Human_Prostate_Cancer_frac_count_100.tsv,/scratch/groups/horence/JuliaO/single_cell/spatial_kmers/scripts/output/pixel_correlation/Visium_FFPE_Human_Prostate_Cancer_z_scaled_100.tsv,/scratch/groups/horence/JuliaO/single_cell/spatial_kmers/scripts/output/pixel_correlation/Visium_FFPE_Human_Prostate_Cancer_scZ_100.tsv,/oak/stanford/groups/horence/JuliaO/visium_analysis/scripts/output/readzs_ge/Visium_FFPE_Human_Prostate_Cancer_readzs_ge_1000.tsv,/oak/stanford/groups/horence/JuliaO/visium_analysis/scripts/output/save_residuals/Visium_FFPE_Human_Prostate_Cancer_SpliZ_ge_100_b0.tsv,/oak/stanford/groups/horence/JuliaO/visium_analysis/scripts/output/save_residuals/Visium_FFPE_Human_Prostate_Cancer_ReadZS_ReadZS_ge_1000.tsv,/oak/stanford/groups/horence/JuliaO/data/visium/Visium_FFPE_Human_Prostate_Cancer/Visium_FFPE_Human_Prostate_Cancer_possorted_genome_bam.bam,/oak/stanford/groups/horence/JuliaO/data/visium/Visium_FFPE_Human_Prostate_Cancer/spatial/tissue_positions_list.csv,/oak/stanford/groups/horence/JuliaO/data/visium/Visium_FFPE_Human_Prostate_Cancer/filtered_feature_bc_matrix/,/oak/stanford/groups/horence/JuliaO/nf-readzs/visium/Visium_FFPE_Human_Prostate_Cancer/counts/Visium_FFPE_Human_Prostate_Cancer_all_counts.txt,/oak/stanford/groups/horence/JuliaO/nf-readzs/visium/Visium_FFPE_Human_Prostate_Cancer,400,/oak/stanford/groups/horence/JuliaO/visium_analysis/scripts/output/ising/Visium_FFPE_Human_Prostate_Cancer_SpliZ_100_1000_b0.tsv,/oak/stanford/groups/horence/JuliaO/visium_analysis/scripts/output/ising/Visium_FFPE_Human_Prostate_Cancer_SpliZVD1_100_1000_b0.tsv,/oak/stanford/groups/horence/JuliaO/visium_analysis/scripts/output/ising/Visium_FFPE_Human_Prostate_Cancer_SpliZVD2_100_1000_b0.tsv,/oak/stanford/groups/horence/JuliaO/visium_analysis/scripts/output/ising/Visium_FFPE_Human_Prostate_Cancer_SpliZVD3_100_1000_b0.tsv,/oak/stanford/groups/horence/JuliaO/visium_analysis/scripts/output/ising/Visium_FFPE_Human_Prostate_Cancer_ReadZS_1000_1000_b0.tsv,/oak/stanford/groups/horence/JuliaO/visium_analysis/scripts/output/ising/Visium_FFPE_Human_Prostate_Cancer_ReadZS_ge_1000_1000.tsv,/oak/stanford/groups/horence/JuliaO/visium_analysis/scripts/output/ising/Visium_FFPE_Human_Prostate_Cancer_ge_100_1000.tsv,/oak/stanford/groups/horence/JuliaO/visium_analysis/scripts/output/ising/Visium_FFPE_Human_Prostate_Cancer_SpliZ_norm_100_1000_b0.tsv,/oak/stanford/groups/horence/JuliaO/visium_analysis/scripts/output/ising/Visium_FFPE_Human_Prostate_Cancer_ge_norm_100_1000.tsv,/oak/stanford/groups/horence/JuliaO/visium_analysis/scripts/output/ising/Visium_FFPE_Human_Prostate_Cancer_SpliZ_resid_100_1000_b0.tsv,/oak/stanford/groups/horence/JuliaO/visium_analysis/scripts/output/ising/Visium_FFPE_Human_Prostate_Cancer_ReadZS_norm_1000_1000_b0.tsv,/oak/stanford/groups/horence/JuliaO/visium_analysis/scripts/output/ising/Visium_FFPE_Human_Prostate_Cancer_ReadZS_ge_norm_1000_1000.tsv,/oak/stanford/groups/horence/JuliaO/visium_analysis/scripts/output/ising/Visium_FFPE_Human_Prostate_Cancer_ReadZS_resid_1000_1000_b0.tsv
Visium_FFPE_Human_Prostate_IF,visium,Prostate_IF,Human,/oak/stanford/groups/horence/JuliaO/nf-spliz-output/run_dir_2_June_2022/visium/Visium_FFPE_Human_Prostate_IF/SpliZ_values/Visium_FFPE_Human_Prostate_IF_sym_SVD_normdonor_S_0.1_z_0.0_b_0_r_0.01_light_subcol.tsv,/oak/stanford/groups/horence/JuliaO/nf-readzs/visium/Visium_FFPE_Human_Prostate_IF/zscore/Visium_FFPE_Human_Prostate_IF.zscore,/oak/stanford/groups/horence/JuliaO/visium_analysis/scripts/output/parse_gene_expression/Visium_FFPE_Human_Prostate_IF_sub_1000.tsv,/oak/stanford/groups/horence/JuliaO/data/visium/Visium_FFPE_Human_Prostate_IF/Visium_FFPE_Human_Prostate_IF_image.tif,/oak/stanford/groups/horence/JuliaO/visium_analysis/notebooks/output/visium_meta/meta_Visium_FFPE_Human_Prostate_IF.tsv,/scratch/groups/horence/JuliaO/single_cell/spatial_kmers/scripts/output/pixel_correlation/Visium_FFPE_Human_Prostate_IF_frac_count_100.tsv,/scratch/groups/horence/JuliaO/single_cell/spatial_kmers/scripts/output/pixel_correlation/Visium_FFPE_Human_Prostate_IF_z_scaled_100.tsv,/scratch/groups/horence/JuliaO/single_cell/spatial_kmers/scripts/output/pixel_correlation/Visium_FFPE_Human_Prostate_IF_scZ_100.tsv,/oak/stanford/groups/horence/JuliaO/visium_analysis/scripts/output/readzs_ge/Visium_FFPE_Human_Prostate_IF_readzs_ge_1000.tsv,/oak/stanford/groups/horence/JuliaO/visium_analysis/scripts/output/save_residuals/Visium_FFPE_Human_Prostate_IF_SpliZ_ge_100_b0.tsv,/oak/stanford/groups/horence/JuliaO/visium_analysis/scripts/output/save_residuals/Visium_FFPE_Human_Prostate_IF_ReadZS_ReadZS_ge_1000.tsv,/oak/stanford/groups/horence/JuliaO/data/visium/Visium_FFPE_Human_Prostate_IF/Visium_FFPE_Human_Prostate_IF_possorted_genome_bam.bam,/oak/stanford/groups/horence/JuliaO/data/visium/Visium_FFPE_Human_Prostate_IF/spatial/tissue_positions_list.csv,/oak/stanford/groups/horence/JuliaO/data/visium/Visium_FFPE_Human_Prostate_IF/filtered_feature_bc_matrix/,/oak/stanford/groups/horence/JuliaO/nf-readzs/visium/Visium_FFPE_Human_Prostate_IF/counts/Visium_FFPE_Human_Prostate_IF_all_counts.txt,/oak/stanford/groups/horence/JuliaO/nf-readzs/visium/Visium_FFPE_Human_Prostate_IF,400,/oak/stanford/groups/horence/JuliaO/visium_analysis/scripts/output/ising/Visium_FFPE_Human_Prostate_IF_SpliZ_100_1000_b0.tsv,/oak/stanford/groups/horence/JuliaO/visium_analysis/scripts/output/ising/Visium_FFPE_Human_Prostate_IF_SpliZVD1_100_1000_b0.tsv,/oak/stanford/groups/horence/JuliaO/visium_analysis/scripts/output/ising/Visium_FFPE_Human_Prostate_IF_SpliZVD2_100_1000_b0.tsv,/oak/stanford/groups/horence/JuliaO/visium_analysis/scripts/output/ising/Visium_FFPE_Human_Prostate_IF_SpliZVD3_100_1000_b0.tsv,/oak/stanford/groups/horence/JuliaO/visium_analysis/scripts/output/ising/Visium_FFPE_Human_Prostate_IF_ReadZS_1000_1000_b0.tsv,/oak/stanford/groups/horence/JuliaO/visium_analysis/scripts/output/ising/Visium_FFPE_Human_Prostate_IF_ReadZS_ge_1000_1000.tsv,/oak/stanford/groups/horence/JuliaO/visium_analysis/scripts/output/ising/Visium_FFPE_Human_Prostate_IF_ge_100_1000.tsv,/oak/stanford/groups/horence/JuliaO/visium_analysis/scripts/output/ising/Visium_FFPE_Human_Prostate_IF_SpliZ_norm_100_1000_b0.tsv,/oak/stanford/groups/horence/JuliaO/visium_analysis/scripts/output/ising/Visium_FFPE_Human_Prostate_IF_ge_norm_100_1000.tsv,/oak/stanford/groups/horence/JuliaO/visium_analysis/scripts/output/ising/Visium_FFPE_Human_Prostate_IF_SpliZ_resid_100_1000_b0.tsv,/oak/stanford/groups/horence/JuliaO/visium_analysis/scripts/output/ising/Visium_FFPE_Human_Prostate_IF_ReadZS_norm_1000_1000_b0.tsv,/oak/stanford/groups/horence/JuliaO/visium_analysis/scripts/output/ising/Visium_FFPE_Human_Prostate_IF_ReadZS_ge_norm_1000_1000.tsv,/oak/stanford/groups/horence/JuliaO/visium_analysis/scripts/output/ising/Visium_FFPE_Human_Prostate_IF_ReadZS_resid_1000_1000_b0.tsv
Visium_FFPE_Mouse_Brain,visium,Brain,Mouse,/oak/stanford/groups/horence/JuliaO/nf-spliz-output/run_dir/visium_2_June_2022/Visium_FFPE_Mouse_Brain/SpliZ_values/Visium_FFPE_Mouse_Brain_sym_SVD_normdonor_S_0.1_z_0.0_b_0_r_0.01_light_subcol.tsv,/oak/stanford/groups/horence/JuliaO/nf-readzs/visium/Visium_FFPE_Mouse_Brain/zscore/Visium_FFPE_Mouse_Brain.zscore,/oak/stanford/groups/horence/JuliaO/visium_analysis/scripts/output/parse_gene_expression/Visium_FFPE_Mouse_Brain_sub_1000.tsv,/oak/stanford/groups/horence/JuliaO/data/visium/Visium_FFPE_Mouse_Brain/Visium_FFPE_Mouse_Brain_image.jpg,/oak/stanford/groups/horence/JuliaO/visium_analysis/notebooks/output/visium_meta/meta_Visium_FFPE_Mouse_Brain.tsv,/scratch/groups/horence/JuliaO/single_cell/spatial_kmers/scripts/output/pixel_correlation/Visium_FFPE_Mouse_Brain_frac_count_100.tsv,/scratch/groups/horence/JuliaO/single_cell/spatial_kmers/scripts/output/pixel_correlation/Visium_FFPE_Mouse_Brain_z_scaled_100.tsv,/scratch/groups/horence/JuliaO/single_cell/spatial_kmers/scripts/output/pixel_correlation/Visium_FFPE_Mouse_Brain_scZ_100.tsv,/oak/stanford/groups/horence/JuliaO/visium_analysis/scripts/output/readzs_ge/Visium_FFPE_Mouse_Brain_readzs_ge_1000.tsv,/oak/stanford/groups/horence/JuliaO/visium_analysis/scripts/output/save_residuals/Visium_FFPE_Mouse_Brain_SpliZ_ge_100_b0.tsv,/oak/stanford/groups/horence/JuliaO/visium_analysis/scripts/output/save_residuals/Visium_FFPE_Mouse_Brain_ReadZS_ReadZS_ge_1000.tsv,/oak/stanford/groups/horence/JuliaO/data/visium/Visium_FFPE_Mouse_Brain/Visium_FFPE_Mouse_Brain_possorted_genome_bam.bam,/oak/stanford/groups/horence/JuliaO/data/visium/Visium_FFPE_Mouse_Brain/spatial/tissue_positions_list.csv,/oak/stanford/groups/horence/JuliaO/data/visium/Visium_FFPE_Mouse_Brain/filtered_feature_bc_matrix/,/oak/stanford/groups/horence/JuliaO/nf-readzs/visium/Visium_FFPE_Mouse_Brain/counts/Visium_FFPE_Mouse_Brain_all_counts.txt,/oak/stanford/groups/horence/JuliaO/nf-readzs/visium/Visium_FFPE_Mouse_Brain,400,/oak/stanford/groups/horence/JuliaO/visium_analysis/scripts/output/ising/Visium_FFPE_Mouse_Brain_SpliZ_100_1000_b0.tsv,/oak/stanford/groups/horence/JuliaO/visium_analysis/scripts/output/ising/Visium_FFPE_Mouse_Brain_SpliZVD1_100_1000_b0.tsv,/oak/stanford/groups/horence/JuliaO/visium_analysis/scripts/output/ising/Visium_FFPE_Mouse_Brain_SpliZVD2_100_1000_b0.tsv,/oak/stanford/groups/horence/JuliaO/visium_analysis/scripts/output/ising/Visium_FFPE_Mouse_Brain_SpliZVD3_100_1000_b0.tsv,/oak/stanford/groups/horence/JuliaO/visium_analysis/scripts/output/ising/Visium_FFPE_Mouse_Brain_ReadZS_1000_1000_b0.tsv,/oak/stanford/groups/horence/JuliaO/visium_analysis/scripts/output/ising/Visium_FFPE_Mouse_Brain_ReadZS_ge_1000_1000.tsv,/oak/stanford/groups/horence/JuliaO/visium_analysis/scripts/output/ising/Visium_FFPE_Mouse_Brain_ge_100_1000.tsv,/oak/stanford/groups/horence/JuliaO/visium_analysis/scripts/output/ising/Visium_FFPE_Mouse_Brain_SpliZ_norm_100_1000_b0.tsv,/oak/stanford/groups/horence/JuliaO/visium_analysis/scripts/output/ising/Visium_FFPE_Mouse_Brain_ge_norm_100_1000.tsv,/oak/stanford/groups/horence/JuliaO/visium_analysis/scripts/output/ising/Visium_FFPE_Mouse_Brain_SpliZ_resid_100_1000_b0.tsv,/oak/stanford/groups/horence/JuliaO/visium_analysis/scripts/output/ising/Visium_FFPE_Mouse_Brain_ReadZS_norm_1000_1000_b0.tsv,/oak/stanford/groups/horence/JuliaO/visium_analysis/scripts/output/ising/Visium_FFPE_Mouse_Brain_ReadZS_ge_norm_1000_1000.tsv,/oak/stanford/groups/horence/JuliaO/visium_analysis/scripts/output/ising/Visium_FFPE_Mouse_Brain_ReadZS_resid_1000_1000_b0.tsv
Visium_FFPE_Mouse_Brain_IF,visium,Brain_IF,Mouse,/oak/stanford/groups/horence/JuliaO/nf-spliz-output/run_dir/visium_2_June_2022/Visium_FFPE_Mouse_Brain_IF/SpliZ_values/Visium_FFPE_Mouse_Brain_IF_sym_SVD_normdonor_S_0.1_z_0.0_b_0_r_0.01_light_subcol.tsv,/oak/stanford/groups/horence/JuliaO/nf-readzs/visium/Visium_FFPE_Mouse_Brain_IF/zscore/Visium_FFPE_Mouse_Brain_IF.zscore,/oak/stanford/groups/horence/JuliaO/visium_analysis/scripts/output/parse_gene_expression/Visium_FFPE_Mouse_Brain_IF_sub_1000.tsv,/oak/stanford/groups/horence/JuliaO/data/visium/Visium_FFPE_Mouse_Brain_IF/Visium_FFPE_Mouse_Brain_IF_image.tif,/oak/stanford/groups/horence/JuliaO/visium_analysis/notebooks/output/visium_meta/meta_Visium_FFPE_Mouse_Brain_IF.tsv,/scratch/groups/horence/JuliaO/single_cell/spatial_kmers/scripts/output/pixel_correlation/Visium_FFPE_Mouse_Brain_IF_frac_count_100.tsv,/scratch/groups/horence/JuliaO/single_cell/spatial_kmers/scripts/output/pixel_correlation/Visium_FFPE_Mouse_Brain_IF_z_scaled_100.tsv,/scratch/groups/horence/JuliaO/single_cell/spatial_kmers/scripts/output/pixel_correlation/Visium_FFPE_Mouse_Brain_IF_scZ_100.tsv,/oak/stanford/groups/horence/JuliaO/visium_analysis/scripts/output/readzs_ge/Visium_FFPE_Mouse_Brain_IF_readzs_ge_1000.tsv,/oak/stanford/groups/horence/JuliaO/visium_analysis/scripts/output/save_residuals/Visium_FFPE_Mouse_Brain_IF_SpliZ_ge_100_b0.tsv,/oak/stanford/groups/horence/JuliaO/visium_analysis/scripts/output/save_residuals/Visium_FFPE_Mouse_Brain_IF_ReadZS_ReadZS_ge_1000.tsv,/oak/stanford/groups/horence/JuliaO/data/visium/Visium_FFPE_Mouse_Brain_IF/Visium_FFPE_Mouse_Brain_IF_possorted_genome_bam.bam,/oak/stanford/groups/horence/JuliaO/data/visium/Visium_FFPE_Mouse_Brain_IF/spatial/tissue_positions_list.csv,/oak/stanford/groups/horence/JuliaO/data/visium/Visium_FFPE_Mouse_Brain_IF/filtered_feature_bc_matrix/,/oak/stanford/groups/horence/JuliaO/nf-readzs/visium/Visium_FFPE_Mouse_Brain_IF/counts/Visium_FFPE_Mouse_Brain_IF_all_counts.txt,/oak/stanford/groups/horence/JuliaO/nf-readzs/visium/Visium_FFPE_Mouse_Brain_IF,400,/oak/stanford/groups/horence/JuliaO/visium_analysis/scripts/output/ising/Visium_FFPE_Mouse_Brain_IF_SpliZ_100_1000_b0.tsv,/oak/stanford/groups/horence/JuliaO/visium_analysis/scripts/output/ising/Visium_FFPE_Mouse_Brain_IF_SpliZVD1_100_1000_b0.tsv,/oak/stanford/groups/horence/JuliaO/visium_analysis/scripts/output/ising/Visium_FFPE_Mouse_Brain_IF_SpliZVD2_100_1000_b0.tsv,/oak/stanford/groups/horence/JuliaO/visium_analysis/scripts/output/ising/Visium_FFPE_Mouse_Brain_IF_SpliZVD3_100_1000_b0.tsv,/oak/stanford/groups/horence/JuliaO/visium_analysis/scripts/output/ising/Visium_FFPE_Mouse_Brain_IF_ReadZS_1000_1000_b0.tsv,/oak/stanford/groups/horence/JuliaO/visium_analysis/scripts/output/ising/Visium_FFPE_Mouse_Brain_IF_ReadZS_ge_1000_1000.tsv,/oak/stanford/groups/horence/JuliaO/visium_analysis/scripts/output/ising/Visium_FFPE_Mouse_Brain_IF_ge_100_1000.tsv,/oak/stanford/groups/horence/JuliaO/visium_analysis/scripts/output/ising/Visium_FFPE_Mouse_Brain_IF_SpliZ_norm_100_1000_b0.tsv,/oak/stanford/groups/horence/JuliaO/visium_analysis/scripts/output/ising/Visium_FFPE_Mouse_Brain_IF_ge_norm_100_1000.tsv,/oak/stanford/groups/horence/JuliaO/visium_analysis/scripts/output/ising/Visium_FFPE_Mouse_Brain_IF_SpliZ_resid_100_1000_b0.tsv,/oak/stanford/groups/horence/JuliaO/visium_analysis/scripts/output/ising/Visium_FFPE_Mouse_Brain_IF_ReadZS_norm_1000_1000_b0.tsv,/oak/stanford/groups/horence/JuliaO/visium_analysis/scripts/output/ising/Visium_FFPE_Mouse_Brain_IF_ReadZS_ge_norm_1000_1000.tsv,/oak/stanford/groups/horence/JuliaO/visium_analysis/scripts/output/ising/Visium_FFPE_Mouse_Brain_IF_ReadZS_resid_1000_1000_b0.tsv
Visium_FFPE_Mouse_Kidney,visium,Kidney,Mouse,/oak/stanford/groups/horence/JuliaO/nf-spliz-output/run_dir/visium_2_June_2022/Visium_FFPE_Mouse_Kidney/SpliZ_values/Visium_FFPE_Mouse_Kidney_sym_SVD_normdonor_S_0.1_z_0.0_b_0_r_0.01_light_subcol.tsv,/oak/stanford/groups/horence/JuliaO/nf-readzs/visium/Visium_FFPE_Mouse_Kidney/zscore/Visium_FFPE_Mouse_Kidney.zscore,/oak/stanford/groups/horence/JuliaO/visium_analysis/scripts/output/parse_gene_expression/Visium_FFPE_Mouse_Kidney_sub_1000.tsv,/oak/stanford/groups/horence/JuliaO/data/visium/Visium_FFPE_Mouse_Kidney/Visium_FFPE_Mouse_Kidney_image.tif,/oak/stanford/groups/horence/JuliaO/visium_analysis/notebooks/output/visium_meta/meta_Visium_FFPE_Mouse_Kidney.tsv,/scratch/groups/horence/JuliaO/single_cell/spatial_kmers/scripts/output/pixel_correlation/Visium_FFPE_Mouse_Kidney_frac_count_100.tsv,/scratch/groups/horence/JuliaO/single_cell/spatial_kmers/scripts/output/pixel_correlation/Visium_FFPE_Mouse_Kidney_z_scaled_100.tsv,/scratch/groups/horence/JuliaO/single_cell/spatial_kmers/scripts/output/pixel_correlation/Visium_FFPE_Mouse_Kidney_scZ_100.tsv,/oak/stanford/groups/horence/JuliaO/visium_analysis/scripts/output/readzs_ge/Visium_FFPE_Mouse_Kidney_readzs_ge_1000.tsv,/oak/stanford/groups/horence/JuliaO/visium_analysis/scripts/output/save_residuals/Visium_FFPE_Mouse_Kidney_SpliZ_ge_100_b0.tsv,/oak/stanford/groups/horence/JuliaO/visium_analysis/scripts/output/save_residuals/Visium_FFPE_Mouse_Kidney_ReadZS_ReadZS_ge_1000.tsv,/oak/stanford/groups/horence/JuliaO/data/visium/Visium_FFPE_Mouse_Kidney/Visium_FFPE_Mouse_Kidney_possorted_genome_bam.bam,/oak/stanford/groups/horence/JuliaO/data/visium/Visium_FFPE_Mouse_Kidney/spatial/tissue_positions_list.csv,/oak/stanford/groups/horence/JuliaO/data/visium/Visium_FFPE_Mouse_Kidney/filtered_feature_bc_matrix/,/oak/stanford/groups/horence/JuliaO/nf-readzs/visium/Visium_FFPE_Mouse_Kidney/counts/Visium_FFPE_Mouse_Kidney_all_counts.txt,/oak/stanford/groups/horence/JuliaO/nf-readzs/visium/Visium_FFPE_Mouse_Kidney,400,/oak/stanford/groups/horence/JuliaO/visium_analysis/scripts/output/ising/Visium_FFPE_Mouse_Kidney_SpliZ_100_1000_b0.tsv,/oak/stanford/groups/horence/JuliaO/visium_analysis/scripts/output/ising/Visium_FFPE_Mouse_Kidney_SpliZVD1_100_1000_b0.tsv,/oak/stanford/groups/horence/JuliaO/visium_analysis/scripts/output/ising/Visium_FFPE_Mouse_Kidney_SpliZVD2_100_1000_b0.tsv,/oak/stanford/groups/horence/JuliaO/visium_analysis/scripts/output/ising/Visium_FFPE_Mouse_Kidney_SpliZVD3_100_1000_b0.tsv,/oak/stanford/groups/horence/JuliaO/visium_analysis/scripts/output/ising/Visium_FFPE_Mouse_Kidney_ReadZS_1000_1000_b0.tsv,/oak/stanford/groups/horence/JuliaO/visium_analysis/scripts/output/ising/Visium_FFPE_Mouse_Kidney_ReadZS_ge_1000_1000.tsv,/oak/stanford/groups/horence/JuliaO/visium_analysis/scripts/output/ising/Visium_FFPE_Mouse_Kidney_ge_100_1000.tsv,/oak/stanford/groups/horence/JuliaO/visium_analysis/scripts/output/ising/Visium_FFPE_Mouse_Kidney_SpliZ_norm_100_1000_b0.tsv,/oak/stanford/groups/horence/JuliaO/visium_analysis/scripts/output/ising/Visium_FFPE_Mouse_Kidney_ge_norm_100_1000.tsv,/oak/stanford/groups/horence/JuliaO/visium_analysis/scripts/output/ising/Visium_FFPE_Mouse_Kidney_SpliZ_resid_100_1000_b0.tsv,/oak/stanford/groups/horence/JuliaO/visium_analysis/scripts/output/ising/Visium_FFPE_Mouse_Kidney_ReadZS_norm_1000_1000_b0.tsv,/oak/stanford/groups/horence/JuliaO/visium_analysis/scripts/output/ising/Visium_FFPE_Mouse_Kidney_ReadZS_ge_norm_1000_1000.tsv,/oak/stanford/groups/horence/JuliaO/visium_analysis/scripts/output/ising/Visium_FFPE_Mouse_Kidney_ReadZS_resid_1000_1000_b0.tsv
10X_P1_1,10x,Kidney,Mouse,/oak/stanford/groups/horence/JuliaO/nf-spliz-output/run_dir/tabula_muris/10X_P1_1/SpliZ_values/10X_P1_1_sym_SVD_normdonor_S_0.1_z_0.0_b_5_r_0.01_subcol.tsv,/oak/stanford/groups/horence/JuliaO/nf-readzs/tabula_muris/results/zscore/10X_P1_1_all_5000.zscore,,,/scratch/groups/horence/JuliaO/single_cell/spatial_kmers/notebooks/visium_meta/meta_10X_P1_1.tsv,,,,/oak/stanford/groups/horence/JuliaO/visium_analysis/scripts/output/readzs_ge/Visium_FFPE_Mouse_Kidney_readzs_ge_100.tsv,,,/oak/stanford/groups/horence/JuliaO/data/tabula_muris_senis/Kidney/possorted_genome_bam.bam,,/oak/stanford/groups/horence/JuliaO/data/tabula_muris_senis/Kidney/gene_matrix/,,,150,,,,,,,,,,,,,
cta_ucsf-1-5_liver,visium,Liver,Human,/oak/stanford/groups/horence/JuliaO/nf-spliz-output/run_dir/visium/cta_ucsf-1-5_liver/SpliZ_values/cta_ucsf-1-5_liver_sym_SVD_normdonor_S_0.1_z_0.0_b_5_r_0.01_subcol.tsv,,/scratch/groups/horence/JuliaO/single_cell/spatial_kmers/scripts/output/parse_gene_expression/cta_ucsf-1-5_liver_sub_1000.tsv,/oak/stanford/groups/horence/JuliaO/data/visium/Biohub_covid_liver/cta_ucsf-1-5_liver_HE_4x_001.tif,/oak/stanford/groups/horence/JuliaO/visium_analysis/notebooks/output/visium_meta/meta_cta_ucsf-1-5_liver.tsv,/scratch/groups/horence/JuliaO/single_cell/spatial_kmers/scripts/output/pixel_correlation/cta_ucsf-1-5_liver_frac_count_100.tsv,,/scratch/groups/horence/JuliaO/single_cell/spatial_kmers/scripts/output/pixel_correlation/cta_ucsf-1-5_liver_scZ_100.tsv,,/oak/stanford/groups/horence/JuliaO/visium_analysis/scripts/output/save_residuals/cta_ucsf-1-5_liver_SpliZ_ge_5.tsv,,/oak/stanford/groups/horence/JuliaO/data/visium/Biohub_covid_liver/cta_ucsf-1-5_liver/outs/possorted_genome_bam.bam,/oak/stanford/groups/horence/JuliaO/data/visium/Biohub_covid_liver/cta_ucsf-1-5_liver/outs/spatial/tissue_positions_list.csv,/oak/stanford/groups/horence/JuliaO/data/visium/Biohub_covid_liver/cta_ucsf-1-5_liver/outs/filtered_feature_bc_matrix/,,,150,/oak/stanford/groups/horence/JuliaO/visium_analysis/scripts/output/ising/cta_ucsf-1-5_liver_SpliZ_100_100.tsv,/oak/stanford/groups/horence/JuliaO/visium_analysis/scripts/output/ising/cta_ucsf-1-5_liver_SpliZVD1_100_100.tsv,/oak/stanford/groups/horence/JuliaO/visium_analysis/scripts/output/ising/cta_ucsf-1-5_liver_SpliZVD2_100_100.tsv,/oak/stanford/groups/horence/JuliaO/visium_analysis/scripts/output/ising/cta_ucsf-1-5_liver_SpliZVD3_100_100.tsv,/oak/stanford/groups/horence/JuliaO/visium_analysis/scripts/output/ising/cta_ucsf-1-5_liver_ReadZS_100_100.tsv,/oak/stanford/groups/horence/JuliaO/visium_analysis/scripts/output/ising/cta_ucsf-1-5_liver_ReadZS_ge_100_100.tsv,/oak/stanford/groups/horence/JuliaO/visium_analysis/scripts/output/ising/cta_ucsf-1-5_liver_ge_100_100.tsv,/oak/stanford/groups/horence/JuliaO/visium_analysis/scripts/output/ising/cta_ucsf-1-5_liver_SpliZ_norm_100_100.tsv,/oak/stanford/groups/horence/JuliaO/visium_analysis/scripts/output/ising/cta_ucsf-1-5_liver_ge_norm_100_100.tsv,/oak/stanford/groups/horence/JuliaO/visium_analysis/scripts/output/ising/cta_ucsf-1-5_liver_SpliZ_resid_100_100.tsv,/oak/stanford/groups/horence/JuliaO/visium_analysis/scripts/output/ising/cta_ucsf-1-5_liver_ReadZS_norm_100_100.tsv,/oak/stanford/groups/horence/JuliaO/visium_analysis/scripts/output/ising/cta_ucsf-1-5_liver_ReadZS_ge_norm_100_100.tsv,/oak/stanford/groups/horence/JuliaO/visium_analysis/scripts/output/ising/cta_ucsf-1-5_liver_ReadZS_resid_100_100.tsv
BICCN_10x_426003,10x,Brain,Mouse,/oak/stanford/groups/horence/rob/isoform_localizations/SRRS/outputs/spliz/BICCN_10x_426003_sym_SVD_normdonor_S_0.1_z_0.0_b_5_subcol.tsv,,,,,,,,,,,,,,,,150,,,,,,,,,,,,,
BICCN_10x_427378,10x,Brain,Mouse,/oak/stanford/groups/horence/rob/isoform_localizations/SRRS/outputs/spliz/BICCN_10x_427378_sym_SVD_normdonor_S_0.1_z_0.0_b_5_subcol.tsv,,,,,,,,,,,,,,,,150,,,,,,,,,,,,,
BICCN_10x_457909,10x,Brain,Mouse,/oak/stanford/groups/horence/rob/isoform_localizations/SRRS/outputs/spliz/BICCN_10x_457909_sym_SVD_normdonor_S_0.1_z_0.0_b_5_subcol.tsv,,,,,,,,,,,,,,,,150,,,,,,,,,,,,,
BICCN_10x_457911,10x,Brain,Mouse,/oak/stanford/groups/horence/rob/isoform_localizations/SRRS/outputs/spliz/BICCN_10x_457911_sym_SVD_normdonor_S_0.1_z_0.0_b_5_subcol.tsv,,,,,,,,,,,,,,,,150,,,,,,,,,,,,,
p20190_s003_3_BrainMetastasis,visium,Brain,Human,/oak/stanford/groups/horence/JuliaO/nf-spliz-output/run_dir_2_June_2022/visium/p20190_s003_3_BrainMetastasis/SpliZ_values/p20190_s003_3_BrainMetastasis_sym_SVD_normdonor_S_0.1_z_0.0_b_0_r_0.01_light_subcol.tsv,/oak/stanford/groups/horence/JuliaO/nf-readzs/visium/p20190_s003_3_BrainMetastasis/zscore/p20190_s003_3_BrainMetastasis.zscore,/oak/stanford/groups/horence/JuliaO/visium_analysis/scripts/output/parse_gene_expression/p20190_s003_3_BrainMetastasis_sub_1000.tsv,/oak/stanford/groups/horence/JuliaO/data/visium/brain_metastases/all_spatial_images/pt15.tif,/oak/stanford/groups/horence/JuliaO/visium_analysis/notebooks/output/visium_meta/meta_p20190_s003_3_BrainMetastasis.tsv,,,/scratch/groups/horence/JuliaO/single_cell/spatial_kmers/scripts/output/pixel_correlation/p20190-s003_3_BrainMetastasis_scZ_10.tsv,/oak/stanford/groups/horence/JuliaO/visium_analysis/scripts/output/readzs_ge/p20190_s003_3_BrainMetastasis_readzs_ge_1000.tsv,/oak/stanford/groups/horence/JuliaO/visium_analysis/scripts/output/save_residuals/p20190_s003_3_BrainMetastasis_SpliZ_ge_100_b0.tsv,/oak/stanford/groups/horence/JuliaO/visium_analysis/scripts/output/save_residuals/p20190_s003_3_BrainMetastasis_ReadZS_ReadZS_ge_1000.tsv,/oak/stanford/groups/horence/JuliaO/data/visium/brain_metastases/p20190-s003_3_BrainMetastasis/outs/possorted_genome_bam.bam,/oak/stanford/groups/horence/JuliaO/data/visium/brain_metastases/p20190-s003_3_BrainMetastasis/outs/spatial/tissue_positions_list.csv,/oak/stanford/groups/horence/JuliaO/data/visium/brain_metastases/p20190-s003_3_BrainMetastasis/outs/filtered_feature_bc_matrix/,/oak/stanford/groups/horence/JuliaO/nf-readzs/visium/p20190_s003_3_BrainMetastasis/counts/p20190_s003_3_BrainMetastasis_all_counts.txt,/oak/stanford/groups/horence/JuliaO/nf-readzs/visium/p20190_s003_3_BrainMetastasis,150,/oak/stanford/groups/horence/JuliaO/visium_analysis/scripts/output/ising/p20190_s003_3_BrainMetastasis_SpliZ_100_1000_b0.tsv,/oak/stanford/groups/horence/JuliaO/visium_analysis/scripts/output/ising/p20190_s003_3_BrainMetastasis_SpliZVD1_100_1000_b0.tsv,/oak/stanford/groups/horence/JuliaO/visium_analysis/scripts/output/ising/p20190_s003_3_BrainMetastasis_SpliZVD2_100_1000_b0.tsv,/oak/stanford/groups/horence/JuliaO/visium_analysis/scripts/output/ising/p20190_s003_3_BrainMetastasis_SpliZVD3_100_1000_b0.tsv,/oak/stanford/groups/horence/JuliaO/visium_analysis/scripts/output/ising/p20190_s003_3_BrainMetastasis_ReadZS_1000_1000_b0.tsv,/oak/stanford/groups/horence/JuliaO/visium_analysis/scripts/output/ising/p20190_s003_3_BrainMetastasis_ReadZS_ge_1000_1000.tsv,/oak/stanford/groups/horence/JuliaO/visium_analysis/scripts/output/ising/p20190_s003_3_BrainMetastasis_ge_100_1000.tsv,/oak/stanford/groups/horence/JuliaO/visium_analysis/scripts/output/ising/p20190_s003_3_BrainMetastasis_SpliZ_norm_100_1000_b0.tsv,/oak/stanford/groups/horence/JuliaO/visium_analysis/scripts/output/ising/p20190_s003_3_BrainMetastasis_ge_norm_100_1000.tsv,/oak/stanford/groups/horence/JuliaO/visium_analysis/scripts/output/ising/p20190_s003_3_BrainMetastasis_SpliZ_resid_100_1000_b0.tsv,/oak/stanford/groups/horence/JuliaO/visium_analysis/scripts/output/ising/p20190_s003_3_BrainMetastasis_ReadZS_norm_1000_1000_b0.tsv,/oak/stanford/groups/horence/JuliaO/visium_analysis/scripts/output/ising/p20190_s003_3_BrainMetastasis_ReadZS_ge_norm_1000_1000.tsv,/oak/stanford/groups/horence/JuliaO/visium_analysis/scripts/output/ising/p20190_s003_3_BrainMetastasis_ReadZS_resid_1000_1000_b0.tsv
p20190_s004_4_BrainMetastasis,visium,Brain,Human,/oak/stanford/groups/horence/JuliaO/nf-spliz-output/run_dir_2_June_2022/visium/p20190_s004_4_BrainMetastasis/SpliZ_values/p20190_s004_4_BrainMetastasis_sym_SVD_normdonor_S_0.1_z_0.0_b_0_r_0.01_light_subcol.tsv,/oak/stanford/groups/horence/JuliaO/nf-readzs/visium/p20190_s004_4_BrainMetastasis/zscore/p20190_s004_4_BrainMetastasis.zscore,/oak/stanford/groups/horence/JuliaO/visium_analysis/scripts/output/parse_gene_expression/p20190_s004_4_BrainMetastasis_sub_1000.tsv,/oak/stanford/groups/horence/JuliaO/data/visium/brain_metastases/all_spatial_images/pt19.tif,/oak/stanford/groups/horence/JuliaO/visium_analysis/notebooks/output/visium_meta/meta_p20190_s004_4_BrainMetastasis.tsv,,,/scratch/groups/horence/JuliaO/single_cell/spatial_kmers/scripts/output/pixel_correlation/p20190-s004_4_BrainMetastasis_scZ_10.tsv,/oak/stanford/groups/horence/JuliaO/visium_analysis/scripts/output/readzs_ge/p20190_s004_4_BrainMetastasis_readzs_ge_1000.tsv,/oak/stanford/groups/horence/JuliaO/visium_analysis/scripts/output/save_residuals/p20190_s004_4_BrainMetastasis_SpliZ_ge_100_b0.tsv,/oak/stanford/groups/horence/JuliaO/visium_analysis/scripts/output/save_residuals/p20190_s004_4_BrainMetastasis_ReadZS_ReadZS_ge_1000.tsv,/oak/stanford/groups/horence/JuliaO/data/visium/brain_metastases/p20190-s004_4_BrainMetastasis/outs/possorted_genome_bam.bam,/oak/stanford/groups/horence/JuliaO/data/visium/brain_metastases/p20190-s004_4_BrainMetastasis/outs/spatial/tissue_positions_list.csv,/oak/stanford/groups/horence/JuliaO/data/visium/brain_metastases/p20190-s004_4_BrainMetastasis/outs/filtered_feature_bc_matrix/,/oak/stanford/groups/horence/JuliaO/nf-readzs/visium/p20190_s004_4_BrainMetastasis/counts/p20190_s004_4_BrainMetastasis_all_counts.txt,/oak/stanford/groups/horence/JuliaO/nf-readzs/visium/p20190_s004_4_BrainMetastasis,150,/oak/stanford/groups/horence/JuliaO/visium_analysis/scripts/output/ising/p20190_s004_4_BrainMetastasis_SpliZ_100_1000_b0.tsv,/oak/stanford/groups/horence/JuliaO/visium_analysis/scripts/output/ising/p20190_s004_4_BrainMetastasis_SpliZVD1_100_1000_b0.tsv,/oak/stanford/groups/horence/JuliaO/visium_analysis/scripts/output/ising/p20190_s004_4_BrainMetastasis_SpliZVD2_100_1000_b0.tsv,/oak/stanford/groups/horence/JuliaO/visium_analysis/scripts/output/ising/p20190_s004_4_BrainMetastasis_SpliZVD3_100_1000_b0.tsv,/oak/stanford/groups/horence/JuliaO/visium_analysis/scripts/output/ising/p20190_s004_4_BrainMetastasis_ReadZS_1000_1000_b0.tsv,/oak/stanford/groups/horence/JuliaO/visium_analysis/scripts/output/ising/p20190_s004_4_BrainMetastasis_ReadZS_ge_1000_1000.tsv,/oak/stanford/groups/horence/JuliaO/visium_analysis/scripts/output/ising/p20190_s004_4_BrainMetastasis_ge_100_1000.tsv,/oak/stanford/groups/horence/JuliaO/visium_analysis/scripts/output/ising/p20190_s004_4_BrainMetastasis_SpliZ_norm_100_1000_b0.tsv,/oak/stanford/groups/horence/JuliaO/visium_analysis/scripts/output/ising/p20190_s004_4_BrainMetastasis_ge_norm_100_1000.tsv,/oak/stanford/groups/horence/JuliaO/visium_analysis/scripts/output/ising/p20190_s004_4_BrainMetastasis_SpliZ_resid_100_1000_b0.tsv,/oak/stanford/groups/horence/JuliaO/visium_analysis/scripts/output/ising/p20190_s004_4_BrainMetastasis_ReadZS_norm_1000_1000_b0.tsv,/oak/stanford/groups/horence/JuliaO/visium_analysis/scripts/output/ising/p20190_s004_4_BrainMetastasis_ReadZS_ge_norm_1000_1000.tsv,/oak/stanford/groups/horence/JuliaO/visium_analysis/scripts/output/ising/p20190_s004_4_BrainMetastasis_ReadZS_resid_1000_1000_b0.tsv
p20218_s001_L1,visium,Brain,Human,/oak/stanford/groups/horence/JuliaO/nf-spliz-output/run_dir_2_June_2022/visium/p20218_s001_L1/SpliZ_values/p20218_s001_L1_sym_SVD_normdonor_S_0.1_z_0.0_b_0_r_0.01_light_subcol.tsv,/oak/stanford/groups/horence/JuliaO/nf-readzs/visium/p20218_s001_L1/zscore/p20218_s001_L1.zscore,/oak/stanford/groups/horence/JuliaO/visium_analysis/scripts/output/parse_gene_expression/p20218_s001_L1_sub_1000.tsv,/oak/stanford/groups/horence/JuliaO/data/visium/brain_metastases/all_spatial_images/pt26.tif,/oak/stanford/groups/horence/JuliaO/visium_analysis/notebooks/output/visium_meta/meta_p20218_s001_L1.tsv,,,/scratch/groups/horence/JuliaO/single_cell/spatial_kmers/scripts/output/pixel_correlation/p20218-s001_L1_scZ_10.tsv,/oak/stanford/groups/horence/JuliaO/visium_analysis/scripts/output/readzs_ge/p20218_s001_L1_readzs_ge_1000.tsv,/oak/stanford/groups/horence/JuliaO/visium_analysis/scripts/output/save_residuals/p20218_s001_L1_SpliZ_ge_100_b0.tsv,/oak/stanford/groups/horence/JuliaO/visium_analysis/scripts/output/save_residuals/p20218_s001_L1_ReadZS_ReadZS_ge_1000.tsv,/oak/stanford/groups/horence/JuliaO/data/visium/brain_metastases/p20218-s001_L1/outs/possorted_genome_bam.bam,/oak/stanford/groups/horence/JuliaO/data/visium/brain_metastases/p20218-s001_L1/outs/spatial/tissue_positions_list.csv,/oak/stanford/groups/horence/JuliaO/data/visium/brain_metastases/p20218-s001_L1/outs/filtered_feature_bc_matrix/,/oak/stanford/groups/horence/JuliaO/nf-readzs/visium/p20218_s001_L1/counts/p20218_s001_L1_all_counts.txt,/oak/stanford/groups/horence/JuliaO/nf-readzs/visium/p20218_s001_L1,150,/oak/stanford/groups/horence/JuliaO/visium_analysis/scripts/output/ising/p20218_s001_L1_SpliZ_100_1000_b0.tsv,/oak/stanford/groups/horence/JuliaO/visium_analysis/scripts/output/ising/p20218_s001_L1_SpliZVD1_100_1000_b0.tsv,/oak/stanford/groups/horence/JuliaO/visium_analysis/scripts/output/ising/p20218_s001_L1_SpliZVD2_100_1000_b0.tsv,/oak/stanford/groups/horence/JuliaO/visium_analysis/scripts/output/ising/p20218_s001_L1_SpliZVD3_100_1000_b0.tsv,/oak/stanford/groups/horence/JuliaO/visium_analysis/scripts/output/ising/p20218_s001_L1_ReadZS_1000_1000_b0.tsv,/oak/stanford/groups/horence/JuliaO/visium_analysis/scripts/output/ising/p20218_s001_L1_ReadZS_ge_1000_1000.tsv,/oak/stanford/groups/horence/JuliaO/visium_analysis/scripts/output/ising/p20218_s001_L1_ge_100_1000.tsv,/oak/stanford/groups/horence/JuliaO/visium_analysis/scripts/output/ising/p20218_s001_L1_SpliZ_norm_100_1000_b0.tsv,/oak/stanford/groups/horence/JuliaO/visium_analysis/scripts/output/ising/p20218_s001_L1_ge_norm_100_1000.tsv,/oak/stanford/groups/horence/JuliaO/visium_analysis/scripts/output/ising/p20218_s001_L1_SpliZ_resid_100_1000_b0.tsv,/oak/stanford/groups/horence/JuliaO/visium_analysis/scripts/output/ising/p20218_s001_L1_ReadZS_norm_1000_1000_b0.tsv,/oak/stanford/groups/horence/JuliaO/visium_analysis/scripts/output/ising/p20218_s001_L1_ReadZS_ge_norm_1000_1000.tsv,/oak/stanford/groups/horence/JuliaO/visium_analysis/scripts/output/ising/p20218_s001_L1_ReadZS_resid_1000_1000_b0.tsv
p20218_s002_L2,visium,Brain,Human,/oak/stanford/groups/horence/JuliaO/nf-spliz-output/run_dir_2_June_2022/visium/p20218_s002_L2/SpliZ_values/p20218_s002_L2_sym_SVD_normdonor_S_0.1_z_0.0_b_0_r_0.01_light_subcol.tsv,/oak/stanford/groups/horence/JuliaO/nf-readzs/visium/p20218_s002_L2/zscore/p20218_s002_L2.zscore,/oak/stanford/groups/horence/JuliaO/visium_analysis/scripts/output/parse_gene_expression/p20218_s002_L2_sub_1000.tsv,/oak/stanford/groups/horence/JuliaO/data/visium/brain_metastases/all_spatial_images/pt27.tif,/oak/stanford/groups/horence/JuliaO/visium_analysis/notebooks/output/visium_meta/meta_p20218_s002_L2.tsv,,,/scratch/groups/horence/JuliaO/single_cell/spatial_kmers/scripts/output/pixel_correlation/p20218-s002_L2_scZ_10.tsv,/oak/stanford/groups/horence/JuliaO/visium_analysis/scripts/output/readzs_ge/p20218_s002_L2_readzs_ge_1000.tsv,/oak/stanford/groups/horence/JuliaO/visium_analysis/scripts/output/save_residuals/p20218_s002_L2_SpliZ_ge_100_b0.tsv,/oak/stanford/groups/horence/JuliaO/visium_analysis/scripts/output/save_residuals/p20218_s002_L2_ReadZS_ReadZS_ge_1000.tsv,/oak/stanford/groups/horence/JuliaO/data/visium/brain_metastases/p20218-s002_L2/outs/possorted_genome_bam.bam,/oak/stanford/groups/horence/JuliaO/data/visium/brain_metastases/p20218-s002_L2/outs/spatial/tissue_positions_list.csv,/oak/stanford/groups/horence/JuliaO/data/visium/brain_metastases/p20218-s002_L2/outs/filtered_feature_bc_matrix/,/oak/stanford/groups/horence/JuliaO/nf-readzs/visium/p20218_s002_L2/counts/p20218_s002_L2_all_counts.txt,/oak/stanford/groups/horence/JuliaO/nf-readzs/visium/p20218_s002_L2,150,/oak/stanford/groups/horence/JuliaO/visium_analysis/scripts/output/ising/p20218_s002_L2_SpliZ_100_1000_b0.tsv,/oak/stanford/groups/horence/JuliaO/visium_analysis/scripts/output/ising/p20218_s002_L2_SpliZVD1_100_1000_b0.tsv,/oak/stanford/groups/horence/JuliaO/visium_analysis/scripts/output/ising/p20218_s002_L2_SpliZVD2_100_1000_b0.tsv,/oak/stanford/groups/horence/JuliaO/visium_analysis/scripts/output/ising/p20218_s002_L2_SpliZVD3_100_1000_b0.tsv,/oak/stanford/groups/horence/JuliaO/visium_analysis/scripts/output/ising/p20218_s002_L2_ReadZS_1000_1000_b0.tsv,/oak/stanford/groups/horence/JuliaO/visium_analysis/scripts/output/ising/p20218_s002_L2_ReadZS_ge_1000_1000.tsv,/oak/stanford/groups/horence/JuliaO/visium_analysis/scripts/output/ising/p20218_s002_L2_ge_100_1000.tsv,/oak/stanford/groups/horence/JuliaO/visium_analysis/scripts/output/ising/p20218_s002_L2_SpliZ_norm_100_1000_b0.tsv,/oak/stanford/groups/horence/JuliaO/visium_analysis/scripts/output/ising/p20218_s002_L2_ge_norm_100_1000.tsv,/oak/stanford/groups/horence/JuliaO/visium_analysis/scripts/output/ising/p20218_s002_L2_SpliZ_resid_100_1000_b0.tsv,/oak/stanford/groups/horence/JuliaO/visium_analysis/scripts/output/ising/p20218_s002_L2_ReadZS_norm_1000_1000_b0.tsv,/oak/stanford/groups/horence/JuliaO/visium_analysis/scripts/output/ising/p20218_s002_L2_ReadZS_ge_norm_1000_1000.tsv,/oak/stanford/groups/horence/JuliaO/visium_analysis/scripts/output/ising/p20218_s002_L2_ReadZS_resid_1000_1000_b0.tsv
p20218_s003_L3,visium,Brain,Human,/oak/stanford/groups/horence/JuliaO/nf-spliz-output/run_dir_2_June_2022/visium/p20218_s003_L3/SpliZ_values/p20218_s003_L3_sym_SVD_normdonor_S_0.1_z_0.0_b_0_r_0.01_light_subcol.tsv,/oak/stanford/groups/horence/JuliaO/nf-readzs/visium/p20218_s003_L3/zscore/p20218_s003_L3.zscore,/oak/stanford/groups/horence/JuliaO/visium_analysis/scripts/output/parse_gene_expression/p20218_s003_L3_sub_1000.tsv,/oak/stanford/groups/horence/JuliaO/data/visium/brain_metastases/all_spatial_images/pt24.tif,/oak/stanford/groups/horence/JuliaO/visium_analysis/notebooks/output/visium_meta/meta_p20218_s003_L3.tsv,,,/scratch/groups/horence/JuliaO/single_cell/spatial_kmers/scripts/output/pixel_correlation/p20218-s003_L3_scZ_10.tsv,/oak/stanford/groups/horence/JuliaO/visium_analysis/scripts/output/readzs_ge/p20218_s003_L3_readzs_ge_1000.tsv,/oak/stanford/groups/horence/JuliaO/visium_analysis/scripts/output/save_residuals/p20218_s003_L3_SpliZ_ge_100_b0.tsv,/oak/stanford/groups/horence/JuliaO/visium_analysis/scripts/output/save_residuals/p20218_s003_L3_ReadZS_ReadZS_ge_1000.tsv,/oak/stanford/groups/horence/JuliaO/data/visium/brain_metastases/p20218-s003_L3/outs/possorted_genome_bam.bam,/oak/stanford/groups/horence/JuliaO/data/visium/brain_metastases/p20218-s003_L3/outs/spatial/tissue_positions_list.csv,/oak/stanford/groups/horence/JuliaO/data/visium/brain_metastases/p20218-s003_L3/outs/filtered_feature_bc_matrix/,/oak/stanford/groups/horence/JuliaO/nf-readzs/visium/p20218_s003_L3/counts/p20218_s003_L3_all_counts.txt,/oak/stanford/groups/horence/JuliaO/nf-readzs/visium/p20218_s003_L3,150,/oak/stanford/groups/horence/JuliaO/visium_analysis/scripts/output/ising/p20218_s003_L3_SpliZ_100_1000_b0.tsv,/oak/stanford/groups/horence/JuliaO/visium_analysis/scripts/output/ising/p20218_s003_L3_SpliZVD1_100_1000_b0.tsv,/oak/stanford/groups/horence/JuliaO/visium_analysis/scripts/output/ising/p20218_s003_L3_SpliZVD2_100_1000_b0.tsv,/oak/stanford/groups/horence/JuliaO/visium_analysis/scripts/output/ising/p20218_s003_L3_SpliZVD3_100_1000_b0.tsv,/oak/stanford/groups/horence/JuliaO/visium_analysis/scripts/output/ising/p20218_s003_L3_ReadZS_1000_1000_b0.tsv,/oak/stanford/groups/horence/JuliaO/visium_analysis/scripts/output/ising/p20218_s003_L3_ReadZS_ge_1000_1000.tsv,/oak/stanford/groups/horence/JuliaO/visium_analysis/scripts/output/ising/p20218_s003_L3_ge_100_1000.tsv,/oak/stanford/groups/horence/JuliaO/visium_analysis/scripts/output/ising/p20218_s003_L3_SpliZ_norm_100_1000_b0.tsv,/oak/stanford/groups/horence/JuliaO/visium_analysis/scripts/output/ising/p20218_s003_L3_ge_norm_100_1000.tsv,/oak/stanford/groups/horence/JuliaO/visium_analysis/scripts/output/ising/p20218_s003_L3_SpliZ_resid_100_1000_b0.tsv,/oak/stanford/groups/horence/JuliaO/visium_analysis/scripts/output/ising/p20218_s003_L3_ReadZS_norm_1000_1000_b0.tsv,/oak/stanford/groups/horence/JuliaO/visium_analysis/scripts/output/ising/p20218_s003_L3_ReadZS_ge_norm_1000_1000.tsv,/oak/stanford/groups/horence/JuliaO/visium_analysis/scripts/output/ising/p20218_s003_L3_ReadZS_resid_1000_1000_b0.tsv
p20218_s004_L4,visium,Brain,Human,/oak/stanford/groups/horence/JuliaO/nf-spliz-output/run_dir_2_June_2022/visium/p20218_s004_L4/SpliZ_values/p20218_s004_L4_sym_SVD_normdonor_S_0.1_z_0.0_b_0_r_0.01_light_subcol.tsv,/oak/stanford/groups/horence/JuliaO/nf-readzs/visium/p20218_s004_L4/zscore/p20218_s004_L4.zscore,/oak/stanford/groups/horence/JuliaO/visium_analysis/scripts/output/parse_gene_expression/p20218_s004_L4_sub_1000.tsv,/oak/stanford/groups/horence/JuliaO/data/visium/brain_metastases/all_spatial_images/pt16.tif,/oak/stanford/groups/horence/JuliaO/visium_analysis/notebooks/output/visium_meta/meta_p20218_s004_L4.tsv,,,/scratch/groups/horence/JuliaO/single_cell/spatial_kmers/scripts/output/pixel_correlation/p20218-s004_L4_scZ_10.tsv,/oak/stanford/groups/horence/JuliaO/visium_analysis/scripts/output/readzs_ge/p20218_s004_L4_readzs_ge_1000.tsv,/oak/stanford/groups/horence/JuliaO/visium_analysis/scripts/output/save_residuals/p20218_s004_L4_SpliZ_ge_100_b0.tsv,/oak/stanford/groups/horence/JuliaO/visium_analysis/scripts/output/save_residuals/p20218_s004_L4_ReadZS_ReadZS_ge_1000.tsv,/oak/stanford/groups/horence/JuliaO/data/visium/brain_metastases/p20218-s004_L4/outs/possorted_genome_bam.bam,/oak/stanford/groups/horence/JuliaO/data/visium/brain_metastases/p20218-s004_L4/outs/spatial/tissue_positions_list.csv,/oak/stanford/groups/horence/JuliaO/data/visium/brain_metastases/p20218-s004_L4/outs/filtered_feature_bc_matrix/,/oak/stanford/groups/horence/JuliaO/nf-readzs/visium/p20218_s004_L4/counts/p20218_s004_L4_all_counts.txt,/oak/stanford/groups/horence/JuliaO/nf-readzs/visium/p20218_s004_L4,150,/oak/stanford/groups/horence/JuliaO/visium_analysis/scripts/output/ising/p20218_s004_L4_SpliZ_100_1000_b0.tsv,/oak/stanford/groups/horence/JuliaO/visium_analysis/scripts/output/ising/p20218_s004_L4_SpliZVD1_100_1000_b0.tsv,/oak/stanford/groups/horence/JuliaO/visium_analysis/scripts/output/ising/p20218_s004_L4_SpliZVD2_100_1000_b0.tsv,/oak/stanford/groups/horence/JuliaO/visium_analysis/scripts/output/ising/p20218_s004_L4_SpliZVD3_100_1000_b0.tsv,/oak/stanford/groups/horence/JuliaO/visium_analysis/scripts/output/ising/p20218_s004_L4_ReadZS_1000_1000_b0.tsv,/oak/stanford/groups/horence/JuliaO/visium_analysis/scripts/output/ising/p20218_s004_L4_ReadZS_ge_1000_1000.tsv,/oak/stanford/groups/horence/JuliaO/visium_analysis/scripts/output/ising/p20218_s004_L4_ge_100_1000.tsv,/oak/stanford/groups/horence/JuliaO/visium_analysis/scripts/output/ising/p20218_s004_L4_SpliZ_norm_100_1000_b0.tsv,/oak/stanford/groups/horence/JuliaO/visium_analysis/scripts/output/ising/p20218_s004_L4_ge_norm_100_1000.tsv,/oak/stanford/groups/horence/JuliaO/visium_analysis/scripts/output/ising/p20218_s004_L4_SpliZ_resid_100_1000_b0.tsv,/oak/stanford/groups/horence/JuliaO/visium_analysis/scripts/output/ising/p20218_s004_L4_ReadZS_norm_1000_1000_b0.tsv,/oak/stanford/groups/horence/JuliaO/visium_analysis/scripts/output/ising/p20218_s004_L4_ReadZS_ge_norm_1000_1000.tsv,/oak/stanford/groups/horence/JuliaO/visium_analysis/scripts/output/ising/p20218_s004_L4_ReadZS_resid_1000_1000_b0.tsv
